Data;1178 - Taxa de juros - Selic anualizada base 252 - % a.a.
15/05/2003;26,32
16/05/2003;26,32
19/05/2003;26,32
20/05/2003;26,32
21/05/2003;26,31
22/05/2003;26,31
23/05/2003;26,30
26/05/2003;26,29
27/05/2003;26,28
28/05/2003;26,28
29/05/2003;26,27
30/05/2003;26,27
02/06/2003;26,26
03/06/2003;26,26
04/06/2003;26,26
05/06/2003;26,26
06/06/2003;26,27
09/06/2003;26,27
10/06/2003;26,27
11/06/2003;26,27
12/06/2003;26,26
13/06/2003;26,26
16/06/2003;26,26
17/06/2003;26,26
18/06/2003;26,25
20/06/2003;25,76
23/06/2003;25,76
24/06/2003;25,76
25/06/2003;25,76
26/06/2003;25,76
27/06/2003;25,76
30/06/2003;25,76
01/07/2003;25,76
02/07/2003;25,76
03/07/2003;25,76
04/07/2003;25,76
07/07/2003;25,76
08/07/2003;25,75
09/07/2003;25,75
10/07/2003;25,75
11/07/2003;25,75
14/07/2003;25,74
15/07/2003;25,74
16/07/2003;25,74
17/07/2003;25,73
18/07/2003;25,73
21/07/2003;25,71
22/07/2003;25,70
23/07/2003;25,63
24/07/2003;24,29
25/07/2003;24,29
28/07/2003;24,30
29/07/2003;24,30
30/07/2003;24,30
31/07/2003;24,30
01/08/2003;24,33
04/08/2003;24,34
05/08/2003;24,35
06/08/2003;24,35
07/08/2003;24,36
08/08/2003;24,36
11/08/2003;24,36
12/08/2003;24,35
13/08/2003;24,35
14/08/2003;24,34
15/08/2003;24,33
18/08/2003;24,33
19/08/2003;24,34
20/08/2003;24,21
21/08/2003;21,83
22/08/2003;21,84
25/08/2003;21,84
26/08/2003;21,84
27/08/2003;21,84
28/08/2003;21,83
29/08/2003;21,83
01/09/2003;21,83
02/09/2003;21,83
03/09/2003;21,84
04/09/2003;21,84
05/09/2003;21,84
08/09/2003;21,84
09/09/2003;21,84
10/09/2003;21,84
11/09/2003;21,84
12/09/2003;21,84
15/09/2003;21,84
16/09/2003;21,84
17/09/2003;21,83
18/09/2003;19,85
19/09/2003;19,85
22/09/2003;19,85
23/09/2003;19,85
24/09/2003;19,85
25/09/2003;19,85
26/09/2003;19,85
29/09/2003;19,84
30/09/2003;19,84
01/10/2003;19,83
02/10/2003;19,83
03/10/2003;19,84
06/10/2003;19,84
07/10/2003;19,84
08/10/2003;19,84
09/10/2003;19,84
10/10/2003;19,84
13/10/2003;19,84
14/10/2003;19,84
15/10/2003;19,84
16/10/2003;19,84
17/10/2003;19,84
20/10/2003;19,84
21/10/2003;19,84
22/10/2003;19,83
23/10/2003;18,85
24/10/2003;18,85
27/10/2003;18,85
28/10/2003;18,85
29/10/2003;18,85
30/10/2003;18,85
31/10/2003;18,85
03/11/2003;18,85
04/11/2003;18,85
05/11/2003;18,85
06/11/2003;18,85
07/11/2003;18,85
10/11/2003;18,85
11/11/2003;18,85
12/11/2003;18,85
13/11/2003;18,84
14/11/2003;18,84
17/11/2003;18,84
18/11/2003;18,82
19/11/2003;18,81
20/11/2003;17,34
21/11/2003;17,34
24/11/2003;17,34
25/11/2003;17,34
26/11/2003;17,33
27/11/2003;17,33
28/11/2003;17,32
01/12/2003;17,31
02/12/2003;17,34
03/12/2003;17,33
04/12/2003;17,33
05/12/2003;17,33
08/12/2003;17,32
09/12/2003;17,32
10/12/2003;17,31
11/12/2003;17,30
12/12/2003;17,29
15/12/2003;17,29
16/12/2003;17,29
17/12/2003;17,27
18/12/2003;16,30
19/12/2003;16,34
22/12/2003;16,34
23/12/2003;16,34
24/12/2003;16,34
26/12/2003;16,34
29/12/2003;16,34
30/12/2003;16,33
31/12/2003;16,33
02/01/2004;16,34
05/01/2004;16,34
06/01/2004;16,34
07/01/2004;16,33
08/01/2004;16,33
09/01/2004;16,32
12/01/2004;16,32
13/01/2004;16,32
14/01/2004;16,31
15/01/2004;16,31
16/01/2004;16,30
19/01/2004;16,30
20/01/2004;16,30
21/01/2004;16,28
22/01/2004;16,33
23/01/2004;16,33
26/01/2004;16,33
27/01/2004;16,32
28/01/2004;16,32
29/01/2004;16,30
30/01/2004;16,29
02/02/2004;16,29
03/02/2004;16,29
04/02/2004;16,28
05/02/2004;16,28
06/02/2004;16,27
09/02/2004;16,27
10/02/2004;16,26
11/02/2004;16,27
12/02/2004;16,29
13/02/2004;16,32
16/02/2004;16,33
17/02/2004;16,33
18/02/2004;16,33
19/02/2004;16,33
20/02/2004;16,32
25/02/2004;16,32
26/02/2004;16,31
27/02/2004;16,30
01/03/2004;16,29
02/03/2004;16,29
03/03/2004;16,28
04/03/2004;16,27
05/03/2004;16,30
08/03/2004;16,29
09/03/2004;16,29
10/03/2004;16,28
11/03/2004;16,27
12/03/2004;16,26
15/03/2004;16,25
16/03/2004;16,24
17/03/2004;16,23
18/03/2004;16,02
19/03/2004;16,05
22/03/2004;16,09
23/03/2004;16,12
24/03/2004;16,11
25/03/2004;16,10
26/03/2004;16,11
29/03/2004;16,09
30/03/2004;16,07
31/03/2004;16,11
01/04/2004;16,10
02/04/2004;16,11
05/04/2004;16,11
06/04/2004;16,10
07/04/2004;16,10
08/04/2004;16,09
12/04/2004;16,09
13/04/2004;16,08
14/04/2004;16,06
15/04/2004;15,86
16/04/2004;15,86
19/04/2004;15,88
20/04/2004;15,88
22/04/2004;15,86
23/04/2004;15,85
26/04/2004;15,84
27/04/2004;15,83
28/04/2004;15,82
29/04/2004;15,80
30/04/2004;15,80
03/05/2004;15,79
04/05/2004;15,79
05/05/2004;15,78
06/05/2004;15,77
07/05/2004;15,76
10/05/2004;15,75
11/05/2004;15,74
12/05/2004;15,73
13/05/2004;15,74
14/05/2004;15,77
17/05/2004;15,76
18/05/2004;15,75
19/05/2004;15,73
20/05/2004;15,77
21/05/2004;15,81
24/05/2004;15,80
25/05/2004;15,79
26/05/2004;15,80
27/05/2004;15,79
28/05/2004;15,78
31/05/2004;15,78
01/06/2004;15,78
02/06/2004;15,75
03/06/2004;15,76
04/06/2004;15,79
07/06/2004;15,82
08/06/2004;15,84
09/06/2004;15,82
11/06/2004;15,79
14/06/2004;15,80
15/06/2004;15,82
16/06/2004;15,80
17/06/2004;15,79
18/06/2004;15,79
21/06/2004;15,81
22/06/2004;15,82
23/06/2004;15,79
24/06/2004;15,79
25/06/2004;15,80
28/06/2004;15,81
29/06/2004;15,81
30/06/2004;15,80
01/07/2004;15,80
02/07/2004;15,81
05/07/2004;15,80
06/07/2004;15,80
07/07/2004;15,79
08/07/2004;15,77
09/07/2004;15,77
12/07/2004;15,78
13/07/2004;15,78
14/07/2004;15,76
15/07/2004;15,77
16/07/2004;15,76
19/07/2004;15,76
20/07/2004;15,76
21/07/2004;15,75
22/07/2004;15,75
23/07/2004;15,75
26/07/2004;15,75
27/07/2004;15,75
28/07/2004;15,76
29/07/2004;15,78
30/07/2004;15,82
02/08/2004;15,82
03/08/2004;15,82
04/08/2004;15,83
05/08/2004;15,84
06/08/2004;15,86
09/08/2004;15,86
10/08/2004;15,87
11/08/2004;15,88
12/08/2004;15,88
13/08/2004;15,88
16/08/2004;15,88
17/08/2004;15,88
18/08/2004;15,87
19/08/2004;15,86
20/08/2004;15,85
23/08/2004;15,84
24/08/2004;15,83
25/08/2004;15,84
26/08/2004;15,86
27/08/2004;15,88
30/08/2004;15,91
31/08/2004;15,91
01/09/2004;15,92
02/09/2004;15,92
03/09/2004;15,92
06/09/2004;15,92
08/09/2004;15,93
09/09/2004;15,93
10/09/2004;15,94
13/09/2004;15,95
14/09/2004;15,97
15/09/2004;15,97
16/09/2004;16,22
17/09/2004;16,23
20/09/2004;16,24
21/09/2004;16,24
22/09/2004;16,24
23/09/2004;16,24
24/09/2004;16,24
27/09/2004;16,24
28/09/2004;16,24
29/09/2004;16,23
30/09/2004;16,24
01/10/2004;16,23
04/10/2004;16,22
05/10/2004;16,20
06/10/2004;16,22
07/10/2004;16,23
08/10/2004;16,24
11/10/2004;16,24
13/10/2004;16,24
14/10/2004;16,24
15/10/2004;16,24
18/10/2004;16,24
19/10/2004;16,24
20/10/2004;16,24
21/10/2004;16,74
22/10/2004;16,74
25/10/2004;16,74
26/10/2004;16,74
27/10/2004;16,74
28/10/2004;16,74
29/10/2004;16,74
01/11/2004;16,74
03/11/2004;16,73
04/11/2004;16,73
05/11/2004;16,73
08/11/2004;16,74
09/11/2004;16,74
10/11/2004;16,74
11/11/2004;16,74
12/11/2004;16,74
16/11/2004;16,74
17/11/2004;16,74
18/11/2004;17,24
19/11/2004;17,24
22/11/2004;17,23
23/11/2004;17,23
24/11/2004;17,24
25/11/2004;17,23
26/11/2004;17,22
29/11/2004;17,22
30/11/2004;17,21
01/12/2004;17,23
02/12/2004;17,23
03/12/2004;17,23
06/12/2004;17,24
07/12/2004;17,24
08/12/2004;17,24
09/12/2004;17,24
10/12/2004;17,24
13/12/2004;17,24
14/12/2004;17,24
15/12/2004;17,25
16/12/2004;17,74
17/12/2004;17,74
20/12/2004;17,74
21/12/2004;17,74
22/12/2004;17,74
23/12/2004;17,74
24/12/2004;17,74
27/12/2004;17,74
28/12/2004;17,74
29/12/2004;17,74
30/12/2004;17,75
31/12/2004;17,75
03/01/2005;17,74
04/01/2005;17,74
05/01/2005;17,74
06/01/2005;17,74
07/01/2005;17,74
10/01/2005;17,74
11/01/2005;17,74
12/01/2005;17,74
13/01/2005;17,74
14/01/2005;17,74
17/01/2005;17,74
18/01/2005;17,74
19/01/2005;17,75
20/01/2005;18,24
21/01/2005;18,24
24/01/2005;18,24
25/01/2005;18,24
26/01/2005;18,24
27/01/2005;18,24
28/01/2005;18,24
31/01/2005;18,24
01/02/2005;18,24
02/02/2005;18,25
03/02/2005;18,25
04/02/2005;18,25
09/02/2005;18,25
10/02/2005;18,25
11/02/2005;18,26
14/02/2005;18,26
15/02/2005;18,26
16/02/2005;18,26
17/02/2005;18,75
18/02/2005;18,75
21/02/2005;18,75
22/02/2005;18,75
23/02/2005;18,75
24/02/2005;18,75
25/02/2005;18,75
28/02/2005;18,74
01/03/2005;18,74
02/03/2005;18,74
03/03/2005;18,74
04/03/2005;18,74
07/03/2005;18,75
08/03/2005;18,75
09/03/2005;18,75
10/03/2005;18,75
11/03/2005;18,75
14/03/2005;18,75
15/03/2005;18,75
16/03/2005;18,75
17/03/2005;19,24
18/03/2005;19,24
21/03/2005;19,24
22/03/2005;19,24
23/03/2005;19,24
24/03/2005;19,24
28/03/2005;19,25
29/03/2005;19,25
30/03/2005;19,25
31/03/2005;19,25
01/04/2005;19,24
04/04/2005;19,24
05/04/2005;19,24
06/04/2005;19,24
07/04/2005;19,24
08/04/2005;19,24
11/04/2005;19,24
12/04/2005;19,24
13/04/2005;19,24
14/04/2005;19,24
15/04/2005;19,24
18/04/2005;19,24
19/04/2005;19,24
20/04/2005;19,24
22/04/2005;19,49
25/04/2005;19,49
26/04/2005;19,49
27/04/2005;19,50
28/04/2005;19,50
29/04/2005;19,50
02/05/2005;19,50
03/05/2005;19,51
04/05/2005;19,51
05/05/2005;19,51
06/05/2005;19,51
09/05/2005;19,52
10/05/2005;19,52
11/05/2005;19,52
12/05/2005;19,52
13/05/2005;19,52
16/05/2005;19,52
17/05/2005;19,52
18/05/2005;19,51
19/05/2005;19,76
20/05/2005;19,75
23/05/2005;19,75
24/05/2005;19,75
25/05/2005;19,75
27/05/2005;19,75
30/05/2005;19,75
31/05/2005;19,76
01/06/2005;19,76
02/06/2005;19,75
03/06/2005;19,75
06/06/2005;19,75
07/06/2005;19,75
08/06/2005;19,75
09/06/2005;19,75
10/06/2005;19,75
13/06/2005;19,75
14/06/2005;19,75
15/06/2005;19,75
16/06/2005;19,74
17/06/2005;19,74
20/06/2005;19,74
21/06/2005;19,74
22/06/2005;19,74
23/06/2005;19,74
24/06/2005;19,74
27/06/2005;19,74
28/06/2005;19,74
29/06/2005;19,74
30/06/2005;19,74
01/07/2005;19,73
04/07/2005;19,72
05/07/2005;19,72
06/07/2005;19,72
07/07/2005;19,72
08/07/2005;19,72
11/07/2005;19,72
12/07/2005;19,72
13/07/2005;19,72
14/07/2005;19,72
15/07/2005;19,73
18/07/2005;19,72
19/07/2005;19,72
20/07/2005;19,72
21/07/2005;19,72
22/07/2005;19,72
25/07/2005;19,72
26/07/2005;19,72
27/07/2005;19,72
28/07/2005;19,73
29/07/2005;19,74
01/08/2005;19,74
02/08/2005;19,75
03/08/2005;19,75
04/08/2005;19,76
05/08/2005;19,76
08/08/2005;19,76
09/08/2005;19,76
10/08/2005;19,76
11/08/2005;19,76
12/08/2005;19,76
15/08/2005;19,76
16/08/2005;19,77
17/08/2005;19,75
18/08/2005;19,74
19/08/2005;19,74
22/08/2005;19,74
23/08/2005;19,74
24/08/2005;19,74
25/08/2005;19,74
26/08/2005;19,74
29/08/2005;19,73
30/08/2005;19,73
31/08/2005;19,73
01/09/2005;19,74
02/09/2005;19,73
05/09/2005;19,73
06/09/2005;19,74
08/09/2005;19,74
09/09/2005;19,74
12/09/2005;19,74
13/09/2005;19,74
14/09/2005;19,74
15/09/2005;19,49
16/09/2005;19,50
19/09/2005;19,51
20/09/2005;19,51
21/09/2005;19,50
22/09/2005;19,51
23/09/2005;19,50
26/09/2005;19,50
27/09/2005;19,50
28/09/2005;19,52
29/09/2005;19,52
30/09/2005;19,53
03/10/2005;19,48
04/10/2005;19,46
05/10/2005;19,45
06/10/2005;19,45
07/10/2005;19,45
10/10/2005;19,45
11/10/2005;19,45
13/10/2005;19,45
14/10/2005;19,45
17/10/2005;19,45
18/10/2005;19,45
19/10/2005;19,45
20/10/2005;18,95
21/10/2005;18,95
24/10/2005;18,95
25/10/2005;18,95
26/10/2005;18,95
27/10/2005;18,95
28/10/2005;18,95
31/10/2005;18,95
01/11/2005;18,95
03/11/2005;18,95
04/11/2005;18,96
07/11/2005;18,97
08/11/2005;18,99
09/11/2005;19,01
10/11/2005;19,02
11/11/2005;19,03
14/11/2005;19,03
16/11/2005;19,02
17/11/2005;19,01
18/11/2005;19,00
21/11/2005;18,98
22/11/2005;18,98
23/11/2005;18,96
24/11/2005;18,46
25/11/2005;18,47
28/11/2005;18,49
29/11/2005;18,50
30/11/2005;18,53
01/12/2005;18,52
02/12/2005;18,50
05/12/2005;18,49
06/12/2005;18,48
07/12/2005;18,48
08/12/2005;18,48
09/12/2005;18,48
12/12/2005;18,48
13/12/2005;18,48
14/12/2005;18,48
15/12/2005;18,00
16/12/2005;18,03
19/12/2005;18,04
20/12/2005;18,04
21/12/2005;18,04
22/12/2005;18,04
23/12/2005;18,04
26/12/2005;18,04
27/12/2005;18,04
28/12/2005;18,04
29/12/2005;18,05
30/12/2005;18,05
02/01/2006;17,98
03/01/2006;17,98
04/01/2006;17,97
05/01/2006;17,96
06/01/2006;17,95
09/01/2006;17,95
10/01/2006;17,95
11/01/2006;17,95
12/01/2006;17,95
13/01/2006;17,95
16/01/2006;17,95
17/01/2006;17,95
18/01/2006;17,95
19/01/2006;17,20
20/01/2006;17,20
23/01/2006;17,20
24/01/2006;17,20
25/01/2006;17,21
26/01/2006;17,22
27/01/2006;17,23
30/01/2006;17,23
31/01/2006;17,23
01/02/2006;17,23
02/02/2006;17,24
03/02/2006;17,26
06/02/2006;17,27
07/02/2006;17,28
08/02/2006;17,29
09/02/2006;17,29
10/02/2006;17,29
13/02/2006;17,29
14/02/2006;17,29
15/02/2006;17,29
16/02/2006;17,29
17/02/2006;17,29
20/02/2006;17,29
21/02/2006;17,29
22/02/2006;17,29
23/02/2006;17,29
24/02/2006;17,29
01/03/2006;17,29
02/03/2006;17,29
03/03/2006;17,29
06/03/2006;17,29
07/03/2006;17,29
08/03/2006;17,29
09/03/2006;16,54
10/03/2006;16,54
13/03/2006;16,54
14/03/2006;16,54
15/03/2006;16,54
16/03/2006;16,54
17/03/2006;16,54
20/03/2006;16,54
21/03/2006;16,54
22/03/2006;16,54
23/03/2006;16,54
24/03/2006;16,54
27/03/2006;16,54
28/03/2006;16,54
29/03/2006;16,54
30/03/2006;16,54
31/03/2006;16,54
03/04/2006;16,45
04/04/2006;16,45
05/04/2006;16,45
06/04/2006;16,45
07/04/2006;16,45
10/04/2006;16,45
11/04/2006;16,45
12/04/2006;16,45
13/04/2006;16,45
17/04/2006;16,45
18/04/2006;16,45
19/04/2006;16,44
20/04/2006;15,69
24/04/2006;15,68
25/04/2006;15,68
26/04/2006;15,68
27/04/2006;15,69
28/04/2006;15,70
02/05/2006;15,70
03/05/2006;15,71
04/05/2006;15,71
05/05/2006;15,77
08/05/2006;15,77
09/05/2006;15,77
10/05/2006;15,71
11/05/2006;15,70
12/05/2006;15,75
15/05/2006;15,74
16/05/2006;15,77
17/05/2006;15,68
18/05/2006;15,68
19/05/2006;15,66
22/05/2006;15,66
23/05/2006;15,67
24/05/2006;15,66
25/05/2006;15,67
26/05/2006;15,66
29/05/2006;15,67
30/05/2006;15,66
31/05/2006;15,66
01/06/2006;15,17
02/06/2006;15,16
05/06/2006;15,17
06/06/2006;15,17
07/06/2006;15,17
08/06/2006;15,17
09/06/2006;15,17
12/06/2006;15,18
13/06/2006;15,19
14/06/2006;15,18
16/06/2006;15,18
19/06/2006;15,18
20/06/2006;15,18
21/06/2006;15,18
22/06/2006;15,18
23/06/2006;15,17
26/06/2006;15,18
27/06/2006;15,18
28/06/2006;15,18
29/06/2006;15,18
30/06/2006;15,18
03/07/2006;15,17
04/07/2006;15,18
05/07/2006;15,18
06/07/2006;15,18
07/07/2006;15,18
10/07/2006;15,18
11/07/2006;15,18
12/07/2006;15,18
13/07/2006;15,18
14/07/2006;15,18
17/07/2006;15,16
18/07/2006;15,19
19/07/2006;15,17
20/07/2006;14,66
21/07/2006;14,65
24/07/2006;14,66
25/07/2006;14,66
26/07/2006;14,66
27/07/2006;14,66
28/07/2006;14,65
31/07/2006;14,66
01/08/2006;14,66
02/08/2006;14,66
03/08/2006;14,67
04/08/2006;14,66
07/08/2006;14,66
08/08/2006;14,66
09/08/2006;14,66
10/08/2006;14,66
11/08/2006;14,67
14/08/2006;14,69
15/08/2006;14,70
16/08/2006;14,69
17/08/2006;14,69
18/08/2006;14,74
21/08/2006;14,70
22/08/2006;14,69
23/08/2006;14,68
24/08/2006;14,69
25/08/2006;14,68
28/08/2006;14,69
29/08/2006;14,69
30/08/2006;14,67
31/08/2006;14,18
01/09/2006;14,17
04/09/2006;14,17
05/09/2006;14,18
06/09/2006;14,17
08/09/2006;14,17
11/09/2006;14,17
12/09/2006;14,17
13/09/2006;14,17
14/09/2006;14,17
15/09/2006;14,17
18/09/2006;14,16
19/09/2006;14,17
20/09/2006;14,17
21/09/2006;14,18
22/09/2006;14,17
25/09/2006;14,17
26/09/2006;14,17
27/09/2006;14,17
28/09/2006;14,17
29/09/2006;14,17
02/10/2006;14,16
03/10/2006;14,16
04/10/2006;14,16
05/10/2006;14,16
06/10/2006;14,17
09/10/2006;14,16
10/10/2006;14,16
11/10/2006;14,16
13/10/2006;14,16
16/10/2006;14,16
17/10/2006;14,16
18/10/2006;14,16
19/10/2006;13,67
20/10/2006;13,65
23/10/2006;13,66
24/10/2006;13,67
25/10/2006;13,68
26/10/2006;13,68
27/10/2006;13,67
30/10/2006;13,68
31/10/2006;13,68
01/11/2006;13,68
03/11/2006;13,67
06/11/2006;13,69
07/11/2006;13,69
08/11/2006;13,69
09/11/2006;13,68
10/11/2006;13,66
13/11/2006;13,68
14/11/2006;13,67
16/11/2006;13,66
17/11/2006;13,66
20/11/2006;13,68
21/11/2006;13,68
22/11/2006;13,66
23/11/2006;13,67
24/11/2006;13,66
27/11/2006;13,66
28/11/2006;13,68
29/11/2006;13,68
30/11/2006;13,18
01/12/2006;13,18
04/12/2006;13,18
05/12/2006;13,19
06/12/2006;13,18
07/12/2006;13,18
08/12/2006;13,18
11/12/2006;13,19
12/12/2006;13,18
13/12/2006;13,19
14/12/2006;13,19
15/12/2006;13,18
18/12/2006;13,19
19/12/2006;13,19
20/12/2006;13,19
21/12/2006;13,19
22/12/2006;13,19
26/12/2006;13,19
27/12/2006;13,18
28/12/2006;13,19
29/12/2006;13,19
02/01/2007;13,19
03/01/2007;13,18
04/01/2007;13,19
05/01/2007;13,19
08/01/2007;13,19
09/01/2007;13,19
10/01/2007;13,19
11/01/2007;13,19
12/01/2007;13,18
15/01/2007;13,19
16/01/2007;13,19
17/01/2007;13,19
18/01/2007;13,19
19/01/2007;13,19
22/01/2007;13,19
23/01/2007;13,19
24/01/2007;13,18
25/01/2007;12,94
26/01/2007;12,92
29/01/2007;12,93
30/01/2007;12,93
31/01/2007;12,93
01/02/2007;12,93
02/02/2007;12,93
05/02/2007;12,93
06/02/2007;12,93
07/02/2007;12,93
08/02/2007;12,93
09/02/2007;12,93
12/02/2007;12,93
13/02/2007;12,93
14/02/2007;12,93
15/02/2007;12,93
16/02/2007;12,94
21/02/2007;12,94
22/02/2007;12,94
23/02/2007;12,94
26/02/2007;12,93
27/02/2007;12,93
28/02/2007;12,93
01/03/2007;12,93
02/03/2007;12,93
05/03/2007;12,93
06/03/2007;12,93
07/03/2007;12,93
08/03/2007;12,69
09/03/2007;12,69
12/03/2007;12,69
13/03/2007;12,68
14/03/2007;12,68
15/03/2007;12,68
16/03/2007;12,68
19/03/2007;12,68
20/03/2007;12,68
21/03/2007;12,68
22/03/2007;12,68
23/03/2007;12,68
26/03/2007;12,68
27/03/2007;12,68
28/03/2007;12,68
29/03/2007;12,68
30/03/2007;12,68
02/04/2007;12,68
03/04/2007;12,68
04/04/2007;12,68
05/04/2007;12,69
09/04/2007;12,68
10/04/2007;12,68
11/04/2007;12,68
12/04/2007;12,68
13/04/2007;12,68
16/04/2007;12,68
17/04/2007;12,67
18/04/2007;12,67
19/04/2007;12,43
20/04/2007;12,43
23/04/2007;12,43
24/04/2007;12,43
25/04/2007;12,43
26/04/2007;12,43
27/04/2007;12,43
30/04/2007;12,43
02/05/2007;12,43
03/05/2007;12,43
04/05/2007;12,43
07/05/2007;12,43
08/05/2007;12,43
09/05/2007;12,43
10/05/2007;12,43
11/05/2007;12,43
14/05/2007;12,43
15/05/2007;12,43
16/05/2007;12,43
17/05/2007;12,43
18/05/2007;12,43
21/05/2007;12,43
22/05/2007;12,43
23/05/2007;12,43
24/05/2007;12,43
25/05/2007;12,43
28/05/2007;12,43
29/05/2007;12,43
30/05/2007;12,43
31/05/2007;12,43
01/06/2007;12,43
04/06/2007;12,43
05/06/2007;12,43
06/06/2007;12,43
08/06/2007;11,93
11/06/2007;11,93
12/06/2007;11,93
13/06/2007;11,93
14/06/2007;11,93
15/06/2007;11,93
18/06/2007;11,93
19/06/2007;11,93
20/06/2007;11,93
21/06/2007;11,93
22/06/2007;11,93
25/06/2007;11,93
26/06/2007;11,93
27/06/2007;11,93
28/06/2007;11,93
29/06/2007;11,93
02/07/2007;11,93
03/07/2007;11,93
04/07/2007;11,93
05/07/2007;11,93
06/07/2007;11,93
09/07/2007;11,93
10/07/2007;11,93
11/07/2007;11,93
12/07/2007;11,93
13/07/2007;11,93
16/07/2007;11,93
17/07/2007;11,93
18/07/2007;11,93
19/07/2007;11,43
20/07/2007;11,43
23/07/2007;11,43
24/07/2007;11,43
25/07/2007;11,43
26/07/2007;11,43
27/07/2007;11,43
30/07/2007;11,43
31/07/2007;11,43
01/08/2007;11,43
02/08/2007;11,43
03/08/2007;11,43
06/08/2007;11,43
07/08/2007;11,43
08/08/2007;11,43
09/08/2007;11,43
10/08/2007;11,43
13/08/2007;11,42
14/08/2007;11,43
15/08/2007;11,43
16/08/2007;11,43
17/08/2007;11,43
20/08/2007;11,43
21/08/2007;11,43
22/08/2007;11,43
23/08/2007;11,43
24/08/2007;11,43
27/08/2007;11,43
28/08/2007;11,43
29/08/2007;11,43
30/08/2007;11,43
31/08/2007;11,43
03/09/2007;11,43
04/09/2007;11,43
05/09/2007;11,43
06/09/2007;11,18
10/09/2007;11,18
11/09/2007;11,18
12/09/2007;11,18
13/09/2007;11,18
14/09/2007;11,18
17/09/2007;11,18
18/09/2007;11,18
19/09/2007;11,18
20/09/2007;11,18
21/09/2007;11,18
24/09/2007;11,18
25/09/2007;11,18
26/09/2007;11,18
27/09/2007;11,18
28/09/2007;11,18
01/10/2007;11,18
02/10/2007;11,18
03/10/2007;11,18
04/10/2007;11,18
05/10/2007;11,18
08/10/2007;11,18
09/10/2007;11,18
10/10/2007;11,18
11/10/2007;11,18
15/10/2007;11,18
16/10/2007;11,18
17/10/2007;11,18
18/10/2007;11,18
19/10/2007;11,18
22/10/2007;11,18
23/10/2007;11,18
24/10/2007;11,18
25/10/2007;11,18
26/10/2007;11,18
29/10/2007;11,18
30/10/2007;11,17
31/10/2007;11,18
01/11/2007;11,18
05/11/2007;11,18
06/11/2007;11,18
07/11/2007;11,18
08/11/2007;11,18
09/11/2007;11,18
12/11/2007;11,18
13/11/2007;11,18
14/11/2007;11,18
16/11/2007;11,18
19/11/2007;11,18
20/11/2007;11,18
21/11/2007;11,18
22/11/2007;11,18
23/11/2007;11,18
26/11/2007;11,18
27/11/2007;11,18
28/11/2007;11,18
29/11/2007;11,18
30/11/2007;11,18
03/12/2007;11,18
04/12/2007;11,18
05/12/2007;11,18
06/12/2007;11,18
07/12/2007;11,18
10/12/2007;11,18
11/12/2007;11,18
12/12/2007;11,18
13/12/2007;11,18
14/12/2007;11,18
17/12/2007;11,18
18/12/2007;11,18
19/12/2007;11,18
20/12/2007;11,18
21/12/2007;11,18
24/12/2007;11,18
26/12/2007;11,18
27/12/2007;11,18
28/12/2007;11,18
31/12/2007;11,18
02/01/2008;11,18
03/01/2008;11,18
04/01/2008;11,18
07/01/2008;11,17
08/01/2008;11,17
09/01/2008;11,18
10/01/2008;11,18
11/01/2008;11,18
14/01/2008;11,18
15/01/2008;11,18
16/01/2008;11,18
17/01/2008;11,18
18/01/2008;11,18
21/01/2008;11,17
22/01/2008;11,18
23/01/2008;11,18
24/01/2008;11,17
25/01/2008;11,18
28/01/2008;11,18
29/01/2008;11,18
30/01/2008;11,18
31/01/2008;11,18
01/02/2008;11,18
06/02/2008;11,18
07/02/2008;11,18
08/02/2008;11,18
11/02/2008;11,18
12/02/2008;11,18
13/02/2008;11,18
14/02/2008;11,18
15/02/2008;11,17
18/02/2008;11,18
19/02/2008;11,18
20/02/2008;11,18
21/02/2008;11,18
22/02/2008;11,18
25/02/2008;11,18
26/02/2008;11,18
27/02/2008;11,18
28/02/2008;11,18
29/02/2008;11,18
03/03/2008;11,18
04/03/2008;11,17
05/03/2008;11,18
06/03/2008;11,18
07/03/2008;11,18
10/03/2008;11,18
11/03/2008;11,18
12/03/2008;11,18
13/03/2008;11,18
14/03/2008;11,18
17/03/2008;11,18
18/03/2008;11,17
19/03/2008;11,18
20/03/2008;11,18
24/03/2008;11,18
25/03/2008;11,18
26/03/2008;11,18
27/03/2008;11,18
28/03/2008;11,18
31/03/2008;11,18
01/04/2008;11,18
02/04/2008;11,13
03/04/2008;11,18
04/04/2008;11,18
07/04/2008;11,18
08/04/2008;11,18
09/04/2008;11,18
10/04/2008;11,18
11/04/2008;11,18
14/04/2008;11,18
15/04/2008;11,18
16/04/2008;11,18
17/04/2008;11,68
18/04/2008;11,65
22/04/2008;11,64
23/04/2008;11,64
24/04/2008;11,62
25/04/2008;11,60
28/04/2008;11,61
29/04/2008;11,61
30/04/2008;11,61
02/05/2008;11,61
05/05/2008;11,61
06/05/2008;11,61
07/05/2008;11,61
08/05/2008;11,60
09/05/2008;11,61
12/05/2008;11,61
13/05/2008;11,62
14/05/2008;11,63
15/05/2008;11,63
16/05/2008;11,64
19/05/2008;11,64
20/05/2008;11,64
21/05/2008;11,64
23/05/2008;11,64
26/05/2008;11,64
27/05/2008;11,64
28/05/2008;11,64
29/05/2008;11,64
30/05/2008;11,64
02/06/2008;11,64
03/06/2008;11,64
04/06/2008;11,64
05/06/2008;12,14
06/06/2008;12,14
09/06/2008;12,14
10/06/2008;12,16
11/06/2008;12,17
12/06/2008;12,17
13/06/2008;12,17
16/06/2008;12,17
17/06/2008;12,17
18/06/2008;12,17
19/06/2008;12,17
20/06/2008;12,17
23/06/2008;12,17
24/06/2008;12,17
25/06/2008;12,17
26/06/2008;12,17
27/06/2008;12,17
30/06/2008;12,17
01/07/2008;12,17
02/07/2008;12,17
03/07/2008;12,17
04/07/2008;12,17
07/07/2008;12,17
08/07/2008;12,17
09/07/2008;12,17
10/07/2008;12,17
11/07/2008;12,17
14/07/2008;12,17
15/07/2008;12,17
16/07/2008;12,17
17/07/2008;12,17
18/07/2008;12,17
21/07/2008;12,17
22/07/2008;12,17
23/07/2008;12,16
24/07/2008;12,91
25/07/2008;12,92
28/07/2008;12,92
29/07/2008;12,92
30/07/2008;12,92
31/07/2008;12,92
01/08/2008;12,92
04/08/2008;12,92
05/08/2008;12,92
06/08/2008;12,92
07/08/2008;12,92
08/08/2008;12,92
11/08/2008;12,92
12/08/2008;12,91
13/08/2008;12,91
14/08/2008;12,92
15/08/2008;12,92
18/08/2008;12,92
19/08/2008;12,92
20/08/2008;12,92
21/08/2008;12,92
22/08/2008;12,92
25/08/2008;12,92
26/08/2008;12,92
27/08/2008;12,92
28/08/2008;12,92
29/08/2008;12,92
01/09/2008;12,91
02/09/2008;12,92
03/09/2008;12,92
04/09/2008;12,92
05/09/2008;12,92
08/09/2008;12,91
09/09/2008;12,92
10/09/2008;12,92
11/09/2008;13,66
12/09/2008;13,66
15/09/2008;13,66
16/09/2008;13,66
17/09/2008;13,66
18/09/2008;13,66
19/09/2008;13,66
22/09/2008;13,66
23/09/2008;13,66
24/09/2008;13,66
25/09/2008;13,66
26/09/2008;13,66
29/09/2008;13,67
30/09/2008;13,66
01/10/2008;13,66
02/10/2008;13,67
03/10/2008;13,67
06/10/2008;13,67
07/10/2008;13,67
08/10/2008;13,67
09/10/2008;13,67
10/10/2008;13,67
13/10/2008;13,67
14/10/2008;13,67
15/10/2008;13,67
16/10/2008;13,66
17/10/2008;13,66
20/10/2008;13,66
21/10/2008;13,66
22/10/2008;13,66
23/10/2008;13,66
24/10/2008;13,66
27/10/2008;13,66
28/10/2008;13,66
29/10/2008;13,67
30/10/2008;13,67
31/10/2008;13,65
03/11/2008;13,65
04/11/2008;13,65
05/11/2008;13,65
06/11/2008;13,65
07/11/2008;13,64
10/11/2008;13,64
11/11/2008;13,64
12/11/2008;13,64
13/11/2008;13,64
14/11/2008;13,63
17/11/2008;13,63
18/11/2008;13,63
19/11/2008;13,64
20/11/2008;13,63
21/11/2008;13,63
24/11/2008;13,64
25/11/2008;13,64
26/11/2008;13,64
27/11/2008;13,64
28/11/2008;13,65
01/12/2008;13,65
02/12/2008;13,66
03/12/2008;13,66
04/12/2008;13,66
05/12/2008;13,66
08/12/2008;13,66
09/12/2008;13,66
10/12/2008;13,66
11/12/2008;13,66
12/12/2008;13,66
15/12/2008;13,66
16/12/2008;13,66
17/12/2008;13,66
18/12/2008;13,66
19/12/2008;13,66
22/12/2008;13,66
23/12/2008;13,66
24/12/2008;13,66
26/12/2008;13,66
29/12/2008;13,66
30/12/2008;13,66
31/12/2008;13,67
02/01/2009;13,67
05/01/2009;13,66
06/01/2009;13,66
07/01/2009;13,66
08/01/2009;13,66
09/01/2009;13,66
12/01/2009;13,66
13/01/2009;13,66
14/01/2009;13,66
15/01/2009;13,66
16/01/2009;13,66
19/01/2009;13,66
20/01/2009;13,65
21/01/2009;13,65
22/01/2009;12,65
23/01/2009;12,66
26/01/2009;12,65
27/01/2009;12,66
28/01/2009;12,66
29/01/2009;12,66
30/01/2009;12,66
02/02/2009;12,66
03/02/2009;12,66
04/02/2009;12,66
05/02/2009;12,66
06/02/2009;12,66
09/02/2009;12,66
10/02/2009;12,66
11/02/2009;12,66
12/02/2009;12,66
13/02/2009;12,66
16/02/2009;12,66
17/02/2009;12,66
18/02/2009;12,66
19/02/2009;12,66
20/02/2009;12,66
25/02/2009;12,66
26/02/2009;12,66
27/02/2009;12,66
02/03/2009;12,66
03/03/2009;12,66
04/03/2009;12,66
05/03/2009;12,66
06/03/2009;12,66
09/03/2009;12,66
10/03/2009;12,66
11/03/2009;12,66
12/03/2009;11,16
13/03/2009;11,16
16/03/2009;11,16
17/03/2009;11,16
18/03/2009;11,16
19/03/2009;11,16
20/03/2009;11,16
23/03/2009;11,16
24/03/2009;11,16
25/03/2009;11,16
26/03/2009;11,16
27/03/2009;11,16
30/03/2009;11,16
31/03/2009;11,16
01/04/2009;11,16
02/04/2009;11,16
03/04/2009;11,16
06/04/2009;11,16
07/04/2009;11,16
08/04/2009;11,16
09/04/2009;11,16
13/04/2009;11,16
14/04/2009;11,16
15/04/2009;11,16
16/04/2009;11,16
17/04/2009;11,16
20/04/2009;11,16
22/04/2009;11,16
23/04/2009;11,16
24/04/2009;11,16
27/04/2009;11,16
28/04/2009;11,16
29/04/2009;11,15
30/04/2009;10,16
04/05/2009;10,16
05/05/2009;10,16
06/05/2009;10,16
07/05/2009;10,16
08/05/2009;10,16
11/05/2009;10,16
12/05/2009;10,15
13/05/2009;10,16
14/05/2009;10,16
15/05/2009;10,16
18/05/2009;10,16
19/05/2009;10,16
20/05/2009;10,16
21/05/2009;10,16
22/05/2009;10,16
25/05/2009;10,16
26/05/2009;10,16
27/05/2009;10,16
28/05/2009;10,16
29/05/2009;10,16
01/06/2009;10,16
02/06/2009;10,16
03/06/2009;10,16
04/06/2009;10,16
05/06/2009;10,16
08/06/2009;10,16
09/06/2009;10,16
10/06/2009;10,15
12/06/2009;9,16
15/06/2009;9,16
16/06/2009;9,16
17/06/2009;9,16
18/06/2009;9,16
19/06/2009;9,16
22/06/2009;9,16
23/06/2009;9,16
24/06/2009;9,16
25/06/2009;9,16
26/06/2009;9,16
29/06/2009;9,16
30/06/2009;9,16
01/07/2009;9,16
02/07/2009;9,16
03/07/2009;9,16
06/07/2009;9,16
07/07/2009;9,16
08/07/2009;9,16
09/07/2009;9,16
10/07/2009;9,16
13/07/2009;9,16
14/07/2009;9,16
15/07/2009;9,16
16/07/2009;9,16
17/07/2009;9,16
20/07/2009;9,16
21/07/2009;9,16
22/07/2009;9,15
23/07/2009;8,66
24/07/2009;8,66
27/07/2009;8,66
28/07/2009;8,65
29/07/2009;8,66
30/07/2009;8,65
31/07/2009;8,65
03/08/2009;8,65
04/08/2009;8,65
05/08/2009;8,65
06/08/2009;8,65
07/08/2009;8,65
10/08/2009;8,65
11/08/2009;8,65
12/08/2009;8,65
13/08/2009;8,65
14/08/2009;8,65
17/08/2009;8,65
18/08/2009;8,65
19/08/2009;8,65
20/08/2009;8,65
21/08/2009;8,65
24/08/2009;8,65
25/08/2009;8,65
26/08/2009;8,65
27/08/2009;8,65
28/08/2009;8,65
31/08/2009;8,65
01/09/2009;8,65
02/09/2009;8,65
03/09/2009;8,65
04/09/2009;8,65
08/09/2009;8,65
09/09/2009;8,65
10/09/2009;8,65
11/09/2009;8,65
14/09/2009;8,65
15/09/2009;8,65
16/09/2009;8,65
17/09/2009;8,65
18/09/2009;8,65
21/09/2009;8,65
22/09/2009;8,65
23/09/2009;8,65
24/09/2009;8,65
25/09/2009;8,65
28/09/2009;8,65
29/09/2009;8,65
30/09/2009;8,65
01/10/2009;8,65
02/10/2009;8,65
05/10/2009;8,65
06/10/2009;8,65
07/10/2009;8,65
08/10/2009;8,65
09/10/2009;8,65
13/10/2009;8,65
14/10/2009;8,65
15/10/2009;8,65
16/10/2009;8,65
19/10/2009;8,65
20/10/2009;8,65
21/10/2009;8,65
22/10/2009;8,65
23/10/2009;8,65
26/10/2009;8,65
27/10/2009;8,65
28/10/2009;8,65
29/10/2009;8,65
30/10/2009;8,65
03/11/2009;8,65
04/11/2009;8,65
05/11/2009;8,65
06/11/2009;8,65
09/11/2009;8,65
10/11/2009;8,65
11/11/2009;8,65
12/11/2009;8,65
13/11/2009;8,65
16/11/2009;8,65
17/11/2009;8,65
18/11/2009;8,65
19/11/2009;8,65
20/11/2009;8,65
23/11/2009;8,65
24/11/2009;8,65
25/11/2009;8,65
26/11/2009;8,65
27/11/2009;8,65
30/11/2009;8,65
01/12/2009;8,65
02/12/2009;8,65
03/12/2009;8,65
04/12/2009;8,65
07/12/2009;8,65
08/12/2009;8,65
09/12/2009;8,65
10/12/2009;8,65
11/12/2009;8,65
14/12/2009;8,65
15/12/2009;8,65
16/12/2009;8,65
17/12/2009;8,65
18/12/2009;8,65
21/12/2009;8,65
22/12/2009;8,65
23/12/2009;8,65
24/12/2009;8,65
28/12/2009;8,65
29/12/2009;8,64
30/12/2009;8,65
31/12/2009;8,65
04/01/2010;8,65
05/01/2010;8,65
06/01/2010;8,65
07/01/2010;8,65
08/01/2010;8,65
11/01/2010;8,65
12/01/2010;8,65
13/01/2010;8,65
14/01/2010;8,65
15/01/2010;8,65
18/01/2010;8,65
19/01/2010;8,65
20/01/2010;8,65
21/01/2010;8,65
22/01/2010;8,65
25/01/2010;8,65
26/01/2010;8,64
27/01/2010;8,65
28/01/2010;8,65
29/01/2010;8,65
01/02/2010;8,65
02/02/2010;8,65
03/02/2010;8,65
04/02/2010;8,65
05/02/2010;8,65
08/02/2010;8,65
09/02/2010;8,65
10/02/2010;8,65
11/02/2010;8,65
12/02/2010;8,65
17/02/2010;8,65
18/02/2010;8,65
19/02/2010;8,65
22/02/2010;8,65
23/02/2010;8,65
24/02/2010;8,65
25/02/2010;8,65
26/02/2010;8,65
01/03/2010;8,65
02/03/2010;8,65
03/03/2010;8,65
04/03/2010;8,65
05/03/2010;8,65
08/03/2010;8,65
09/03/2010;8,65
10/03/2010;8,65
11/03/2010;8,65
12/03/2010;8,65
15/03/2010;8,65
16/03/2010;8,65
17/03/2010;8,65
18/03/2010;8,65
19/03/2010;8,65
22/03/2010;8,65
23/03/2010;8,65
24/03/2010;8,65
25/03/2010;8,65
26/03/2010;8,65
29/03/2010;8,65
30/03/2010;8,65
31/03/2010;8,65
01/04/2010;8,65
05/04/2010;8,65
06/04/2010;8,65
07/04/2010;8,65
08/04/2010;8,65
09/04/2010;8,65
12/04/2010;8,65
13/04/2010;8,65
14/04/2010;8,65
15/04/2010;8,65
16/04/2010;8,65
19/04/2010;8,65
20/04/2010;8,65
22/04/2010;8,65
23/04/2010;8,64
26/04/2010;8,64
27/04/2010;8,64
28/04/2010;8,64
29/04/2010;9,39
30/04/2010;9,40
03/05/2010;9,40
04/05/2010;9,40
05/05/2010;9,40
06/05/2010;9,40
07/05/2010;9,40
10/05/2010;9,40
11/05/2010;9,40
12/05/2010;9,40
13/05/2010;9,40
14/05/2010;9,40
17/05/2010;9,40
18/05/2010;9,40
19/05/2010;9,40
20/05/2010;9,40
21/05/2010;9,40
24/05/2010;9,39
25/05/2010;9,40
26/05/2010;9,40
27/05/2010;9,40
28/05/2010;9,39
31/05/2010;9,39
01/06/2010;9,40
02/06/2010;9,40
04/06/2010;9,40
07/06/2010;9,40
08/06/2010;9,40
09/06/2010;9,40
10/06/2010;10,15
11/06/2010;10,15
14/06/2010;10,15
15/06/2010;10,15
16/06/2010;10,15
17/06/2010;10,15
18/06/2010;10,15
21/06/2010;10,15
22/06/2010;10,15
23/06/2010;10,15
24/06/2010;10,15
25/06/2010;10,15
28/06/2010;10,16
29/06/2010;10,16
30/06/2010;10,16
01/07/2010;10,16
02/07/2010;10,16
05/07/2010;10,16
06/07/2010;10,16
07/07/2010;10,16
08/07/2010;10,16
09/07/2010;10,16
12/07/2010;10,16
13/07/2010;10,16
14/07/2010;10,16
15/07/2010;10,16
16/07/2010;10,16
19/07/2010;10,16
20/07/2010;10,16
21/07/2010;10,16
22/07/2010;10,66
23/07/2010;10,66
26/07/2010;10,66
27/07/2010;10,66
28/07/2010;10,66
29/07/2010;10,66
30/07/2010;10,66
02/08/2010;10,66
03/08/2010;10,66
04/08/2010;10,66
05/08/2010;10,66
06/08/2010;10,66
09/08/2010;10,66
10/08/2010;10,66
11/08/2010;10,66
12/08/2010;10,66
13/08/2010;10,66
16/08/2010;10,66
17/08/2010;10,66
18/08/2010;10,66
19/08/2010;10,66
20/08/2010;10,66
23/08/2010;10,66
24/08/2010;10,66
25/08/2010;10,66
26/08/2010;10,66
27/08/2010;10,66
30/08/2010;10,66
31/08/2010;10,66
01/09/2010;10,66
02/09/2010;10,66
03/09/2010;10,66
06/09/2010;10,66
08/09/2010;10,66
09/09/2010;10,66
10/09/2010;10,66
13/09/2010;10,66
14/09/2010;10,66
15/09/2010;10,66
16/09/2010;10,66
17/09/2010;10,66
20/09/2010;10,66
21/09/2010;10,66
22/09/2010;10,66
23/09/2010;10,66
24/09/2010;10,66
27/09/2010;10,66
28/09/2010;10,66
29/09/2010;10,66
30/09/2010;10,66
01/10/2010;10,66
04/10/2010;10,66
05/10/2010;10,66
06/10/2010;10,66
07/10/2010;10,66
08/10/2010;10,66
11/10/2010;10,66
13/10/2010;10,66
14/10/2010;10,66
15/10/2010;10,66
18/10/2010;10,66
19/10/2010;10,66
20/10/2010;10,66
21/10/2010;10,66
22/10/2010;10,66
25/10/2010;10,66
26/10/2010;10,66
27/10/2010;10,66
28/10/2010;10,66
29/10/2010;10,66
01/11/2010;10,66
03/11/2010;10,66
04/11/2010;10,66
05/11/2010;10,66
08/11/2010;10,66
09/11/2010;10,66
10/11/2010;10,66
11/11/2010;10,66
12/11/2010;10,66
16/11/2010;10,66
17/11/2010;10,66
18/11/2010;10,66
19/11/2010;10,66
22/11/2010;10,66
23/11/2010;10,66
24/11/2010;10,66
25/11/2010;10,66
26/11/2010;10,66
29/11/2010;10,66
30/11/2010;10,66
01/12/2010;10,66
02/12/2010;10,66
03/12/2010;10,66
06/12/2010;10,66
07/12/2010;10,66
08/12/2010;10,66
09/12/2010;10,66
10/12/2010;10,66
13/12/2010;10,66
14/12/2010;10,66
15/12/2010;10,66
16/12/2010;10,67
17/12/2010;10,66
20/12/2010;10,66
21/12/2010;10,66
22/12/2010;10,66
23/12/2010;10,66
24/12/2010;10,66
27/12/2010;10,66
28/12/2010;10,66
29/12/2010;10,66
30/12/2010;10,67
31/12/2010;10,67
03/01/2011;10,67
04/01/2011;10,66
05/01/2011;10,67
06/01/2011;10,66
07/01/2011;10,67
10/01/2011;10,66
11/01/2011;10,66
12/01/2011;10,66
13/01/2011;10,66
14/01/2011;10,66
17/01/2011;10,66
18/01/2011;10,66
19/01/2011;10,66
20/01/2011;11,16
21/01/2011;11,16
24/01/2011;11,16
25/01/2011;11,16
26/01/2011;11,16
27/01/2011;11,17
28/01/2011;11,17
31/01/2011;11,17
01/02/2011;11,16
02/02/2011;11,17
03/02/2011;11,17
04/02/2011;11,17
07/02/2011;11,17
08/02/2011;11,17
09/02/2011;11,17
10/02/2011;11,17
11/02/2011;11,17
14/02/2011;11,17
15/02/2011;11,17
16/02/2011;11,17
17/02/2011;11,17
18/02/2011;11,17
21/02/2011;11,17
22/02/2011;11,17
23/02/2011;11,17
24/02/2011;11,17
25/02/2011;11,17
28/02/2011;11,17
01/03/2011;11,17
02/03/2011;11,17
03/03/2011;11,67
04/03/2011;11,67
09/03/2011;11,67
10/03/2011;11,67
11/03/2011;11,67
14/03/2011;11,67
15/03/2011;11,67
16/03/2011;11,67
17/03/2011;11,67
18/03/2011;11,67
21/03/2011;11,67
22/03/2011;11,67
23/03/2011;11,67
24/03/2011;11,67
25/03/2011;11,67
28/03/2011;11,67
29/03/2011;11,67
30/03/2011;11,67
31/03/2011;11,67
01/04/2011;11,67
04/04/2011;11,67
05/04/2011;11,67
06/04/2011;11,67
07/04/2011;11,67
08/04/2011;11,67
11/04/2011;11,67
12/04/2011;11,67
13/04/2011;11,67
14/04/2011;11,67
15/04/2011;11,67
18/04/2011;11,67
19/04/2011;11,67
20/04/2011;11,67
25/04/2011;11,92
26/04/2011;11,92
27/04/2011;11,92
28/04/2011;11,92
29/04/2011;11,92
02/05/2011;11,92
03/05/2011;11,92
04/05/2011;11,92
05/05/2011;11,92
06/05/2011;11,92
09/05/2011;11,92
10/05/2011;11,92
11/05/2011;11,92
12/05/2011;11,92
13/05/2011;11,92
16/05/2011;11,92
17/05/2011;11,92
18/05/2011;11,92
19/05/2011;11,92
20/05/2011;11,92
23/05/2011;11,92
24/05/2011;11,92
25/05/2011;11,92
26/05/2011;11,92
27/05/2011;11,92
30/05/2011;11,92
31/05/2011;11,92
01/06/2011;11,92
02/06/2011;11,92
03/06/2011;11,92
06/06/2011;11,92
07/06/2011;11,92
08/06/2011;11,92
09/06/2011;12,17
10/06/2011;12,17
13/06/2011;12,17
14/06/2011;12,17
15/06/2011;12,17
16/06/2011;12,17
17/06/2011;12,17
20/06/2011;12,17
21/06/2011;12,17
22/06/2011;12,17
24/06/2011;12,17
27/06/2011;12,17
28/06/2011;12,17
29/06/2011;12,17
30/06/2011;12,17
01/07/2011;12,17
04/07/2011;12,17
05/07/2011;12,17
06/07/2011;12,17
07/07/2011;12,17
08/07/2011;12,17
11/07/2011;12,17
12/07/2011;12,17
13/07/2011;12,17
14/07/2011;12,17
15/07/2011;12,17
18/07/2011;12,17
19/07/2011;12,17
20/07/2011;12,17
21/07/2011;12,42
22/07/2011;12,42
25/07/2011;12,42
26/07/2011;12,42
27/07/2011;12,42
28/07/2011;12,42
29/07/2011;12,42
01/08/2011;12,42
02/08/2011;12,42
03/08/2011;12,42
04/08/2011;12,42
05/08/2011;12,42
08/08/2011;12,42
09/08/2011;12,42
10/08/2011;12,42
11/08/2011;12,42
12/08/2011;12,42
15/08/2011;12,42
16/08/2011;12,42
17/08/2011;12,42
18/08/2011;12,42
19/08/2011;12,42
22/08/2011;12,42
23/08/2011;12,42
24/08/2011;12,42
25/08/2011;12,41
26/08/2011;12,41
29/08/2011;12,41
30/08/2011;12,41
31/08/2011;12,41
01/09/2011;11,91
02/09/2011;11,91
05/09/2011;11,91
06/09/2011;11,91
08/09/2011;11,91
09/09/2011;11,91
12/09/2011;11,91
13/09/2011;11,91
14/09/2011;11,91
15/09/2011;11,91
16/09/2011;11,91
19/09/2011;11,90
20/09/2011;11,90
21/09/2011;11,90
22/09/2011;11,90
23/09/2011;11,90
26/09/2011;11,90
27/09/2011;11,90
28/09/2011;11,90
29/09/2011;11,90
30/09/2011;11,90
03/10/2011;11,90
04/10/2011;11,90
05/10/2011;11,90
06/10/2011;11,90
07/10/2011;11,90
10/10/2011;11,90
11/10/2011;11,90
13/10/2011;11,90
14/10/2011;11,90
17/10/2011;11,90
18/10/2011;11,90
19/10/2011;11,89
20/10/2011;11,40
21/10/2011;11,40
24/10/2011;11,40
25/10/2011;11,40
26/10/2011;11,40
27/10/2011;11,40
28/10/2011;11,40
31/10/2011;11,40
01/11/2011;11,40
03/11/2011;11,40
04/11/2011;11,40
07/11/2011;11,40
08/11/2011;11,40
09/11/2011;11,40
10/11/2011;11,40
11/11/2011;11,40
14/11/2011;11,40
16/11/2011;11,40
17/11/2011;11,40
18/11/2011;11,40
21/11/2011;11,40
22/11/2011;11,40
23/11/2011;11,40
24/11/2011;11,40
25/11/2011;11,40
28/11/2011;11,40
29/11/2011;11,40
30/11/2011;11,40
01/12/2011;10,90
02/12/2011;10,90
05/12/2011;10,90
06/12/2011;10,90
07/12/2011;10,90
08/12/2011;10,90
09/12/2011;10,90
12/12/2011;10,90
13/12/2011;10,90
14/12/2011;10,90
15/12/2011;10,90
16/12/2011;10,90
19/12/2011;10,90
20/12/2011;10,90
21/12/2011;10,90
22/12/2011;10,90
23/12/2011;10,90
26/12/2011;10,90
27/12/2011;10,90
28/12/2011;10,90
29/12/2011;10,90
30/12/2011;10,91
02/01/2012;10,90
03/01/2012;10,90
04/01/2012;10,90
05/01/2012;10,90
06/01/2012;10,90
09/01/2012;10,90
10/01/2012;10,90
11/01/2012;10,90
12/01/2012;10,90
13/01/2012;10,90
16/01/2012;10,90
17/01/2012;10,90
18/01/2012;10,90
19/01/2012;10,40
20/01/2012;10,40
23/01/2012;10,40
24/01/2012;10,40
25/01/2012;10,40
26/01/2012;10,40
27/01/2012;10,40
30/01/2012;10,40
31/01/2012;10,40
01/02/2012;10,40
02/02/2012;10,40
03/02/2012;10,40
06/02/2012;10,40
07/02/2012;10,40
08/02/2012;10,40
09/02/2012;10,40
10/02/2012;10,40
13/02/2012;10,40
14/02/2012;10,40
15/02/2012;10,40
16/02/2012;10,40
17/02/2012;10,40
22/02/2012;10,40
23/02/2012;10,40
24/02/2012;10,40
27/02/2012;10,40
28/02/2012;10,40
29/02/2012;10,40
01/03/2012;10,40
02/03/2012;10,40
05/03/2012;10,40
06/03/2012;10,40
07/03/2012;10,40
08/03/2012;9,65
09/03/2012;9,65
12/03/2012;9,65
13/03/2012;9,65
14/03/2012;9,65
15/03/2012;9,65
16/03/2012;9,65
19/03/2012;9,65
20/03/2012;9,65
21/03/2012;9,65
22/03/2012;9,65
23/03/2012;9,65
26/03/2012;9,65
27/03/2012;9,65
28/03/2012;9,65
29/03/2012;9,65
30/03/2012;9,65
02/04/2012;9,65
03/04/2012;9,65
04/04/2012;9,65
05/04/2012;9,65
09/04/2012;9,65
10/04/2012;9,65
11/04/2012;9,65
12/04/2012;9,65
13/04/2012;9,65
16/04/2012;9,65
17/04/2012;9,65
18/04/2012;9,65
19/04/2012;8,90
20/04/2012;8,90
23/04/2012;8,90
24/04/2012;8,90
25/04/2012;8,90
26/04/2012;8,90
27/04/2012;8,90
30/04/2012;8,90
02/05/2012;8,90
03/05/2012;8,90
04/05/2012;8,90
07/05/2012;8,90
08/05/2012;8,90
09/05/2012;8,90
10/05/2012;8,90
11/05/2012;8,90
14/05/2012;8,89
15/05/2012;8,89
16/05/2012;8,89
17/05/2012;8,89
18/05/2012;8,89
21/05/2012;8,89
22/05/2012;8,89
23/05/2012;8,89
24/05/2012;8,89
25/05/2012;8,89
28/05/2012;8,89
29/05/2012;8,89
30/05/2012;8,88
31/05/2012;8,39
01/06/2012;8,39
04/06/2012;8,39
05/06/2012;8,39
06/06/2012;8,39
08/06/2012;8,39
11/06/2012;8,39
12/06/2012;8,39
13/06/2012;8,39
14/06/2012;8,39
15/06/2012;8,39
18/06/2012;8,39
19/06/2012;8,39
20/06/2012;8,39
21/06/2012;8,39
22/06/2012;8,39
25/06/2012;8,39
26/06/2012;8,39
27/06/2012;8,39
28/06/2012;8,39
29/06/2012;8,40
02/07/2012;8,39
03/07/2012;8,39
04/07/2012;8,39
05/07/2012;8,39
06/07/2012;8,39
09/07/2012;8,39
10/07/2012;8,39
11/07/2012;8,39
12/07/2012;7,89
13/07/2012;7,89
16/07/2012;7,89
17/07/2012;7,89
18/07/2012;7,89
19/07/2012;7,89
20/07/2012;7,89
23/07/2012;7,89
24/07/2012;7,89
25/07/2012;7,89
26/07/2012;7,89
27/07/2012;7,89
30/07/2012;7,89
31/07/2012;7,89
01/08/2012;7,89
02/08/2012;7,89
03/08/2012;7,89
06/08/2012;7,89
07/08/2012;7,89
08/08/2012;7,89
09/08/2012;7,89
10/08/2012;7,89
13/08/2012;7,89
14/08/2012;7,89
15/08/2012;7,89
16/08/2012;7,89
17/08/2012;7,89
20/08/2012;7,89
21/08/2012;7,89
22/08/2012;7,89
23/08/2012;7,89
24/08/2012;7,89
27/08/2012;7,89
28/08/2012;7,89
29/08/2012;7,89
30/08/2012;7,39
31/08/2012;7,39
03/09/2012;7,39
04/09/2012;7,39
05/09/2012;7,39
06/09/2012;7,39
10/09/2012;7,39
11/09/2012;7,39
12/09/2012;7,39
13/09/2012;7,39
14/09/2012;7,39
17/09/2012;7,39
18/09/2012;7,39
19/09/2012;7,39
20/09/2012;7,39
21/09/2012;7,39
24/09/2012;7,39
25/09/2012;7,39
26/09/2012;7,39
27/09/2012;7,39
28/09/2012;7,39
01/10/2012;7,39
02/10/2012;7,39
03/10/2012;7,39
04/10/2012;7,39
05/10/2012;7,39
08/10/2012;7,39
09/10/2012;7,39
10/10/2012;7,39
11/10/2012;7,14
15/10/2012;7,14
16/10/2012;7,14
17/10/2012;7,14
18/10/2012;7,14
19/10/2012;7,14
22/10/2012;7,14
23/10/2012;7,14
24/10/2012;7,14
25/10/2012;7,14
26/10/2012;7,14
29/10/2012;7,14
30/10/2012;7,14
31/10/2012;7,14
01/11/2012;7,14
05/11/2012;7,14
06/11/2012;7,14
07/11/2012;7,14
08/11/2012;7,14
09/11/2012;7,14
12/11/2012;7,14
13/11/2012;7,14
14/11/2012;7,14
16/11/2012;7,14
19/11/2012;7,14
20/11/2012;7,14
21/11/2012;7,14
22/11/2012;7,14
23/11/2012;7,14
26/11/2012;7,14
27/11/2012;7,14
28/11/2012;7,14
29/11/2012;7,14
30/11/2012;7,14
03/12/2012;7,14
04/12/2012;7,14
05/12/2012;7,14
06/12/2012;7,14
07/12/2012;7,14
10/12/2012;7,14
11/12/2012;7,13
12/12/2012;7,13
13/12/2012;7,13
14/12/2012;7,12
17/12/2012;7,12
18/12/2012;7,11
19/12/2012;7,11
20/12/2012;7,11
21/12/2012;7,11
24/12/2012;7,19
26/12/2012;7,24
27/12/2012;7,25
28/12/2012;7,27
31/12/2012;7,29
02/01/2013;7,11
03/01/2013;7,11
04/01/2013;7,11
07/01/2013;7,11
08/01/2013;7,11
09/01/2013;7,11
10/01/2013;7,11
11/01/2013;7,11
14/01/2013;7,11
15/01/2013;7,11
16/01/2013;7,11
17/01/2013;7,11
18/01/2013;7,11
21/01/2013;7,11
22/01/2013;7,11
23/01/2013;7,11
24/01/2013;7,11
25/01/2013;7,11
28/01/2013;7,11
29/01/2013;7,11
30/01/2013;7,11
31/01/2013;7,11
01/02/2013;7,11
04/02/2013;7,11
05/02/2013;7,11
06/02/2013;7,11
07/02/2013;7,11
08/02/2013;7,11
13/02/2013;7,11
14/02/2013;7,11
15/02/2013;7,11
18/02/2013;7,11
19/02/2013;7,11
20/02/2013;7,11
21/02/2013;7,11
22/02/2013;7,11
25/02/2013;7,11
26/02/2013;7,18
27/02/2013;7,20
28/02/2013;7,20
01/03/2013;7,14
04/03/2013;7,12
05/03/2013;7,12
06/03/2013;7,14
07/03/2013;7,12
08/03/2013;7,13
11/03/2013;7,13
12/03/2013;7,14
13/03/2013;7,15
14/03/2013;7,16
15/03/2013;7,16
18/03/2013;7,16
19/03/2013;7,16
20/03/2013;7,16
21/03/2013;7,16
22/03/2013;7,16
25/03/2013;7,16
26/03/2013;7,16
27/03/2013;7,16
28/03/2013;7,16
01/04/2013;7,16
02/04/2013;7,16
03/04/2013;7,16
04/04/2013;7,16
05/04/2013;7,16
08/04/2013;7,16
09/04/2013;7,16
10/04/2013;7,16
11/04/2013;7,16
12/04/2013;7,16
15/04/2013;7,16
16/04/2013;7,16
17/04/2013;7,16
18/04/2013;7,41
19/04/2013;7,41
22/04/2013;7,40
23/04/2013;7,40
24/04/2013;7,40
25/04/2013;7,40
26/04/2013;7,40
29/04/2013;7,40
30/04/2013;7,40
02/05/2013;7,40
03/05/2013;7,40
06/05/2013;7,40
07/05/2013;7,40
08/05/2013;7,40
09/05/2013;7,40
10/05/2013;7,40
13/05/2013;7,40
14/05/2013;7,40
15/05/2013;7,40
16/05/2013;7,40
17/05/2013;7,40
20/05/2013;7,40
21/05/2013;7,40
22/05/2013;7,40
23/05/2013;7,40
24/05/2013;7,40
27/05/2013;7,40
28/05/2013;7,40
29/05/2013;7,40
31/05/2013;7,90
03/06/2013;7,90
04/06/2013;7,90
05/06/2013;7,90
06/06/2013;7,90
07/06/2013;7,90
10/06/2013;7,90
11/06/2013;7,90
12/06/2013;7,90
13/06/2013;7,90
14/06/2013;7,90
17/06/2013;7,90
18/06/2013;7,90
19/06/2013;7,90
20/06/2013;7,90
21/06/2013;7,90
24/06/2013;7,90
25/06/2013;7,90
26/06/2013;7,90
27/06/2013;7,90
28/06/2013;7,90
01/07/2013;7,90
02/07/2013;7,90
03/07/2013;7,90
04/07/2013;7,90
05/07/2013;7,90
08/07/2013;7,90
09/07/2013;7,90
10/07/2013;7,90
11/07/2013;8,40
12/07/2013;8,40
15/07/2013;8,40
16/07/2013;8,40
17/07/2013;8,40
18/07/2013;8,40
19/07/2013;8,40
22/07/2013;8,40
23/07/2013;8,40
24/07/2013;8,40
25/07/2013;8,40
26/07/2013;8,40
29/07/2013;8,40
30/07/2013;8,40
31/07/2013;8,40
01/08/2013;8,40
02/08/2013;8,40
05/08/2013;8,40
06/08/2013;8,40
07/08/2013;8,40
08/08/2013;8,40
09/08/2013;8,40
12/08/2013;8,40
13/08/2013;8,40
14/08/2013;8,40
15/08/2013;8,40
16/08/2013;8,40
19/08/2013;8,40
20/08/2013;8,40
21/08/2013;8,40
22/08/2013;8,40
23/08/2013;8,40
26/08/2013;8,40
27/08/2013;8,40
28/08/2013;8,40
29/08/2013;8,90
30/08/2013;8,90
02/09/2013;8,90
03/09/2013;8,90
04/09/2013;8,90
05/09/2013;8,90
06/09/2013;8,90
09/09/2013;8,90
10/09/2013;8,90
11/09/2013;8,90
12/09/2013;8,90
13/09/2013;8,90
16/09/2013;8,90
17/09/2013;8,90
18/09/2013;8,90
19/09/2013;8,90
20/09/2013;8,90
23/09/2013;8,90
24/09/2013;8,90
25/09/2013;8,90
26/09/2013;8,90
27/09/2013;8,90
30/09/2013;8,90
01/10/2013;8,90
02/10/2013;8,90
03/10/2013;8,90
04/10/2013;8,90
07/10/2013;8,90
08/10/2013;8,90
09/10/2013;8,90
10/10/2013;9,40
11/10/2013;9,40
14/10/2013;9,40
15/10/2013;9,40
16/10/2013;9,40
17/10/2013;9,40
18/10/2013;9,40
21/10/2013;9,40
22/10/2013;9,40
23/10/2013;9,40
24/10/2013;9,40
25/10/2013;9,40
28/10/2013;9,40
29/10/2013;9,40
30/10/2013;9,40
31/10/2013;9,40
01/11/2013;9,40
04/11/2013;9,40
05/11/2013;9,40
06/11/2013;9,40
07/11/2013;9,40
08/11/2013;9,40
11/11/2013;9,40
12/11/2013;9,40
13/11/2013;9,40
14/11/2013;9,40
18/11/2013;9,40
19/11/2013;9,40
20/11/2013;9,40
21/11/2013;9,40
22/11/2013;9,40
25/11/2013;9,40
26/11/2013;9,40
27/11/2013;9,40
28/11/2013;9,90
29/11/2013;9,90
02/12/2013;9,90
03/12/2013;9,90
04/12/2013;9,90
05/12/2013;9,90
06/12/2013;9,89
09/12/2013;9,90
10/12/2013;9,90
11/12/2013;9,90
12/12/2013;9,90
13/12/2013;9,90
16/12/2013;9,90
17/12/2013;9,90
18/12/2013;9,90
19/12/2013;9,90
20/12/2013;9,90
23/12/2013;9,90
24/12/2013;9,90
26/12/2013;9,90
27/12/2013;9,90
30/12/2013;9,90
31/12/2013;9,90
02/01/2014;9,90
03/01/2014;9,90
06/01/2014;9,90
07/01/2014;9,90
08/01/2014;9,90
09/01/2014;9,90
10/01/2014;9,90
13/01/2014;9,90
14/01/2014;9,90
15/01/2014;9,90
16/01/2014;10,40
17/01/2014;10,40
20/01/2014;10,40
21/01/2014;10,40
22/01/2014;10,40
23/01/2014;10,40
24/01/2014;10,40
27/01/2014;10,40
28/01/2014;10,40
29/01/2014;10,40
30/01/2014;10,40
31/01/2014;10,40
03/02/2014;10,40
04/02/2014;10,40
05/02/2014;10,40
06/02/2014;10,40
07/02/2014;10,40
10/02/2014;10,40
11/02/2014;10,40
12/02/2014;10,40
13/02/2014;10,40
14/02/2014;10,40
17/02/2014;10,40
18/02/2014;10,40
19/02/2014;10,40
20/02/2014;10,40
21/02/2014;10,40
24/02/2014;10,40
25/02/2014;10,40
26/02/2014;10,40
27/02/2014;10,65
28/02/2014;10,65
05/03/2014;10,65
06/03/2014;10,65
07/03/2014;10,65
10/03/2014;10,65
11/03/2014;10,65
12/03/2014;10,65
13/03/2014;10,65
14/03/2014;10,65
17/03/2014;10,65
18/03/2014;10,65
19/03/2014;10,65
20/03/2014;10,65
21/03/2014;10,65
24/03/2014;10,65
25/03/2014;10,65
26/03/2014;10,65
27/03/2014;10,65
28/03/2014;10,65
31/03/2014;10,65
01/04/2014;10,65
02/04/2014;10,65
03/04/2014;10,90
04/04/2014;10,90
07/04/2014;10,90
08/04/2014;10,90
09/04/2014;10,90
10/04/2014;10,90
11/04/2014;10,90
14/04/2014;10,90
15/04/2014;10,90
16/04/2014;10,90
17/04/2014;10,90
22/04/2014;10,90
23/04/2014;10,90
24/04/2014;10,90
25/04/2014;10,90
28/04/2014;10,90
29/04/2014;10,90
30/04/2014;10,90
02/05/2014;10,90
05/05/2014;10,90
06/05/2014;10,90
07/05/2014;10,90
08/05/2014;10,90
09/05/2014;10,90
12/05/2014;10,90
13/05/2014;10,90
14/05/2014;10,90
15/05/2014;10,90
16/05/2014;10,90
19/05/2014;10,90
20/05/2014;10,90
21/05/2014;10,90
22/05/2014;10,90
23/05/2014;10,90
26/05/2014;10,90
27/05/2014;10,90
28/05/2014;10,90
29/05/2014;10,90
30/05/2014;10,90
02/06/2014;10,90
03/06/2014;10,90
04/06/2014;10,90
05/06/2014;10,90
06/06/2014;10,90
09/06/2014;10,90
10/06/2014;10,90
11/06/2014;10,90
12/06/2014;10,90
13/06/2014;10,90
16/06/2014;10,90
17/06/2014;10,90
18/06/2014;10,90
20/06/2014;10,90
23/06/2014;10,90
24/06/2014;10,90
25/06/2014;10,90
26/06/2014;10,90
27/06/2014;10,90
30/06/2014;10,90
01/07/2014;10,90
02/07/2014;10,90
03/07/2014;10,90
04/07/2014;10,90
07/07/2014;10,90
08/07/2014;10,90
09/07/2014;10,90
10/07/2014;10,90
11/07/2014;10,90
14/07/2014;10,90
15/07/2014;10,90
16/07/2014;10,90
17/07/2014;10,90
18/07/2014;10,90
21/07/2014;10,90
22/07/2014;10,90
23/07/2014;10,90
24/07/2014;10,90
25/07/2014;10,90
28/07/2014;10,90
29/07/2014;10,90
30/07/2014;10,90
31/07/2014;10,90
01/08/2014;10,90
04/08/2014;10,90
05/08/2014;10,90
06/08/2014;10,90
07/08/2014;10,90
08/08/2014;10,90
11/08/2014;10,90
12/08/2014;10,90
13/08/2014;10,90
14/08/2014;10,90
15/08/2014;10,91
18/08/2014;10,90
19/08/2014;10,90
20/08/2014;10,91
21/08/2014;10,91
22/08/2014;10,90
25/08/2014;10,90
26/08/2014;10,90
27/08/2014;10,90
28/08/2014;10,90
29/08/2014;10,90
01/09/2014;10,90
02/09/2014;10,90
03/09/2014;10,90
04/09/2014;10,90
05/09/2014;10,90
08/09/2014;10,90
09/09/2014;10,90
10/09/2014;10,90
11/09/2014;10,90
12/09/2014;10,90
15/09/2014;10,90
16/09/2014;10,90
17/09/2014;10,90
18/09/2014;10,90
19/09/2014;10,90
22/09/2014;10,90
23/09/2014;10,90
24/09/2014;10,90
25/09/2014;10,90
26/09/2014;10,90
29/09/2014;10,90
30/09/2014;10,90
01/10/2014;10,90
02/10/2014;10,90
03/10/2014;10,90
06/10/2014;10,90
07/10/2014;10,90
08/10/2014;10,90
09/10/2014;10,90
10/10/2014;10,90
13/10/2014;10,90
14/10/2014;10,90
15/10/2014;10,90
16/10/2014;10,90
17/10/2014;10,90
20/10/2014;10,90
21/10/2014;10,90
22/10/2014;10,90
23/10/2014;10,90
24/10/2014;10,90
27/10/2014;10,90
28/10/2014;10,90
29/10/2014;10,90
30/10/2014;11,15
31/10/2014;11,15
03/11/2014;11,15
04/11/2014;11,15
05/11/2014;11,15
06/11/2014;11,15
07/11/2014;11,15
10/11/2014;11,15
11/11/2014;11,15
12/11/2014;11,15
13/11/2014;11,15
14/11/2014;11,15
17/11/2014;11,15
18/11/2014;11,15
19/11/2014;11,15
20/11/2014;11,15
21/11/2014;11,15
24/11/2014;11,15
25/11/2014;11,15
26/11/2014;11,15
27/11/2014;11,15
28/11/2014;11,15
01/12/2014;11,15
02/12/2014;11,15
03/12/2014;11,15
04/12/2014;11,65
05/12/2014;11,65
08/12/2014;11,65
09/12/2014;11,65
10/12/2014;11,65
11/12/2014;11,65
12/12/2014;11,65
15/12/2014;11,65
16/12/2014;11,65
17/12/2014;11,65
18/12/2014;11,65
19/12/2014;11,65
22/12/2014;11,65
23/12/2014;11,65
24/12/2014;11,65
26/12/2014;11,65
29/12/2014;11,65
30/12/2014;11,65
31/12/2014;11,65
02/01/2015;11,65
05/01/2015;11,65
06/01/2015;11,65
07/01/2015;11,65
08/01/2015;11,65
09/01/2015;11,65
12/01/2015;11,65
13/01/2015;11,65
14/01/2015;11,65
15/01/2015;11,65
16/01/2015;11,65
19/01/2015;11,65
20/01/2015;11,65
21/01/2015;11,65
22/01/2015;12,15
23/01/2015;12,15
26/01/2015;12,15
27/01/2015;12,15
28/01/2015;12,15
29/01/2015;12,15
30/01/2015;12,15
02/02/2015;12,15
03/02/2015;12,15
04/02/2015;12,15
05/02/2015;12,15
06/02/2015;12,15
09/02/2015;12,15
10/02/2015;12,15
11/02/2015;12,15
12/02/2015;12,15
13/02/2015;12,15
18/02/2015;12,15
19/02/2015;12,15
20/02/2015;12,15
23/02/2015;12,15
24/02/2015;12,15
25/02/2015;12,15
26/02/2015;12,15
27/02/2015;12,15
02/03/2015;12,15
03/03/2015;12,15
04/03/2015;12,15
05/03/2015;12,65
06/03/2015;12,65
09/03/2015;12,65
10/03/2015;12,65
11/03/2015;12,65
12/03/2015;12,65
13/03/2015;12,65
16/03/2015;12,65
17/03/2015;12,65
18/03/2015;12,65
19/03/2015;12,65
20/03/2015;12,65
23/03/2015;12,65
24/03/2015;12,65
25/03/2015;12,65
26/03/2015;12,65
27/03/2015;12,65
30/03/2015;12,65
31/03/2015;12,65
01/04/2015;12,65
02/04/2015;12,65
06/04/2015;12,65
07/04/2015;12,65
08/04/2015;12,65
09/04/2015;12,65
10/04/2015;12,65
13/04/2015;12,65
14/04/2015;12,65
15/04/2015;12,65
16/04/2015;12,65
17/04/2015;12,65
20/04/2015;12,65
22/04/2015;12,65
23/04/2015;12,65
24/04/2015;12,65
27/04/2015;12,66
28/04/2015;12,67
29/04/2015;12,67
30/04/2015;13,15
04/05/2015;13,15
05/05/2015;13,15
06/05/2015;13,15
07/05/2015;13,15
08/05/2015;13,15
11/05/2015;13,15
12/05/2015;13,15
13/05/2015;13,15
14/05/2015;13,15
15/05/2015;13,15
18/05/2015;13,15
19/05/2015;13,15
20/05/2015;13,15
21/05/2015;13,15
22/05/2015;13,15
25/05/2015;13,15
26/05/2015;13,15
27/05/2015;13,15
28/05/2015;13,15
29/05/2015;13,15
01/06/2015;13,15
02/06/2015;13,15
03/06/2015;13,15
05/06/2015;13,65
08/06/2015;13,65
09/06/2015;13,65
10/06/2015;13,65
11/06/2015;13,65
12/06/2015;13,65
15/06/2015;13,65
16/06/2015;13,65
17/06/2015;13,65
18/06/2015;13,65
19/06/2015;13,65
22/06/2015;13,65
23/06/2015;13,65
24/06/2015;13,65
25/06/2015;13,65
26/06/2015;13,65
29/06/2015;13,65
30/06/2015;13,65
01/07/2015;13,65
02/07/2015;13,65
03/07/2015;13,65
06/07/2015;13,65
07/07/2015;13,65
08/07/2015;13,65
09/07/2015;13,65
10/07/2015;13,65
13/07/2015;13,65
14/07/2015;13,65
15/07/2015;13,65
16/07/2015;13,65
17/07/2015;13,65
20/07/2015;13,65
21/07/2015;13,65
22/07/2015;13,65
23/07/2015;13,65
24/07/2015;13,65
27/07/2015;13,65
28/07/2015;13,65
29/07/2015;13,65
30/07/2015;14,15
31/07/2015;14,15
03/08/2015;14,15
04/08/2015;14,15
05/08/2015;14,15
06/08/2015;14,15
07/08/2015;14,15
10/08/2015;14,15
11/08/2015;14,15
12/08/2015;14,15
13/08/2015;14,15
14/08/2015;14,15
17/08/2015;14,15
18/08/2015;14,15
19/08/2015;14,15
20/08/2015;14,15
21/08/2015;14,15
24/08/2015;14,15
25/08/2015;14,15
26/08/2015;14,15
27/08/2015;14,15
28/08/2015;14,15
31/08/2015;14,15
01/09/2015;14,15
02/09/2015;14,15
03/09/2015;14,15
04/09/2015;14,15
08/09/2015;14,15
09/09/2015;14,15
10/09/2015;14,15
11/09/2015;14,15
14/09/2015;14,15
15/09/2015;14,15
16/09/2015;14,15
17/09/2015;14,15
18/09/2015;14,15
21/09/2015;14,15
22/09/2015;14,15
23/09/2015;14,15
24/09/2015;14,15
25/09/2015;14,15
28/09/2015;14,15
29/09/2015;14,15
30/09/2015;14,15
01/10/2015;14,15
02/10/2015;14,15
05/10/2015;14,15
06/10/2015;14,15
07/10/2015;14,15
08/10/2015;14,15
09/10/2015;14,15
13/10/2015;14,15
14/10/2015;14,15
15/10/2015;14,15
16/10/2015;14,15
19/10/2015;14,15
20/10/2015;14,15
21/10/2015;14,15
22/10/2015;14,15
23/10/2015;14,15
26/10/2015;14,15
27/10/2015;14,15
28/10/2015;14,15
29/10/2015;14,15
30/10/2015;14,15
03/11/2015;14,15
04/11/2015;14,15
05/11/2015;14,15
06/11/2015;14,15
09/11/2015;14,15
10/11/2015;14,15
11/11/2015;14,15
12/11/2015;14,15
13/11/2015;14,15
16/11/2015;14,15
17/11/2015;14,15
18/11/2015;14,15
19/11/2015;14,15
20/11/2015;14,15
23/11/2015;14,15
24/11/2015;14,15
25/11/2015;14,15
26/11/2015;14,15
27/11/2015;14,15
30/11/2015;14,15
01/12/2015;14,15
02/12/2015;14,15
03/12/2015;14,15
04/12/2015;14,15
07/12/2015;14,15
08/12/2015;14,15
09/12/2015;14,15
10/12/2015;14,15
11/12/2015;14,15
14/12/2015;14,15
15/12/2015;14,15
16/12/2015;14,15
17/12/2015;14,15
18/12/2015;14,15
21/12/2015;14,15
22/12/2015;14,15
23/12/2015;14,15
24/12/2015;14,15
28/12/2015;14,15
29/12/2015;14,15
30/12/2015;14,15
31/12/2015;14,15
04/01/2016;14,15
05/01/2016;14,15
06/01/2016;14,15
07/01/2016;14,15
08/01/2016;14,15
11/01/2016;14,15
12/01/2016;14,15
13/01/2016;14,15
14/01/2016;14,15
15/01/2016;14,15
18/01/2016;14,15
19/01/2016;14,15
20/01/2016;14,15
21/01/2016;14,15
22/01/2016;14,15
25/01/2016;14,15
26/01/2016;14,15
27/01/2016;14,15
28/01/2016;14,15
29/01/2016;14,15
01/02/2016;14,15
02/02/2016;14,15
03/02/2016;14,15
04/02/2016;14,15
05/02/2016;14,15
10/02/2016;14,15
11/02/2016;14,15
12/02/2016;14,15
15/02/2016;14,15
16/02/2016;14,15
17/02/2016;14,15
18/02/2016;14,15
19/02/2016;14,15
22/02/2016;14,15
23/02/2016;14,15
24/02/2016;14,15
25/02/2016;14,15
26/02/2016;14,15
29/02/2016;14,15
01/03/2016;14,15
02/03/2016;14,15
03/03/2016;14,15
04/03/2016;14,15
07/03/2016;14,15
08/03/2016;14,15
09/03/2016;14,15
10/03/2016;14,15
11/03/2016;14,15
14/03/2016;14,15
15/03/2016;14,15
16/03/2016;14,15
17/03/2016;14,15
18/03/2016;14,15
21/03/2016;14,15
22/03/2016;14,15
23/03/2016;14,15
24/03/2016;14,15
28/03/2016;14,15
29/03/2016;14,15
30/03/2016;14,15
31/03/2016;14,15
01/04/2016;14,15
04/04/2016;14,15
05/04/2016;14,15
06/04/2016;14,15
07/04/2016;14,15
08/04/2016;14,15
11/04/2016;14,15
12/04/2016;14,15
13/04/2016;14,15
14/04/2016;14,15
15/04/2016;14,15
18/04/2016;14,15
19/04/2016;14,15
20/04/2016;14,15
22/04/2016;14,15
25/04/2016;14,15
26/04/2016;14,15
27/04/2016;14,15
28/04/2016;14,15
29/04/2016;14,15
02/05/2016;14,15
03/05/2016;14,15
04/05/2016;14,15
05/05/2016;14,15
06/05/2016;14,15
09/05/2016;14,15
10/05/2016;14,15
11/05/2016;14,15
12/05/2016;14,15
13/05/2016;14,15
16/05/2016;14,15
17/05/2016;14,15
18/05/2016;14,15
19/05/2016;14,15
20/05/2016;14,15
23/05/2016;14,15
24/05/2016;14,15
25/05/2016;14,15
27/05/2016;14,15
30/05/2016;14,15
31/05/2016;14,15
01/06/2016;14,15
02/06/2016;14,15
03/06/2016;14,15
06/06/2016;14,15
07/06/2016;14,15
08/06/2016;14,15
09/06/2016;14,15
10/06/2016;14,15
13/06/2016;14,15
14/06/2016;14,15
15/06/2016;14,15
16/06/2016;14,15
17/06/2016;14,15
20/06/2016;14,15
21/06/2016;14,15
22/06/2016;14,15
23/06/2016;14,15
24/06/2016;14,15
27/06/2016;14,15
28/06/2016;14,15
29/06/2016;14,15
30/06/2016;14,15
01/07/2016;14,15
04/07/2016;14,15
05/07/2016;14,15
06/07/2016;14,15
07/07/2016;14,15
08/07/2016;14,15
11/07/2016;14,15
12/07/2016;14,15
13/07/2016;14,15
14/07/2016;14,15
15/07/2016;14,15
18/07/2016;14,15
19/07/2016;14,15
20/07/2016;14,15
21/07/2016;14,15
22/07/2016;14,15
25/07/2016;14,15
26/07/2016;14,15
27/07/2016;14,15
28/07/2016;14,15
29/07/2016;14,15
01/08/2016;14,15
02/08/2016;14,15
03/08/2016;14,15
04/08/2016;14,15
05/08/2016;14,15
08/08/2016;14,15
09/08/2016;14,15
10/08/2016;14,15
11/08/2016;14,15
12/08/2016;14,15
15/08/2016;14,15
16/08/2016;14,15
17/08/2016;14,15
18/08/2016;14,15
19/08/2016;14,15
22/08/2016;14,15
23/08/2016;14,15
24/08/2016;14,15
25/08/2016;14,15
26/08/2016;14,15
29/08/2016;14,15
30/08/2016;14,15
31/08/2016;14,15
01/09/2016;14,15
02/09/2016;14,15
05/09/2016;14,15
06/09/2016;14,15
08/09/2016;14,15
09/09/2016;14,15
12/09/2016;14,15
13/09/2016;14,15
14/09/2016;14,15
15/09/2016;14,15
16/09/2016;14,15
19/09/2016;14,15
20/09/2016;14,15
21/09/2016;14,15
22/09/2016;14,15
23/09/2016;14,15
26/09/2016;14,15
27/09/2016;14,15
28/09/2016;14,15
29/09/2016;14,15
30/09/2016;14,15
03/10/2016;14,15
04/10/2016;14,15
05/10/2016;14,15
06/10/2016;14,15
07/10/2016;14,15
10/10/2016;14,15
11/10/2016;14,15
13/10/2016;14,15
14/10/2016;14,15
17/10/2016;14,15
18/10/2016;14,15
19/10/2016;14,15
20/10/2016;13,90
21/10/2016;13,90
24/10/2016;13,90
25/10/2016;13,90
26/10/2016;13,90
27/10/2016;13,90
28/10/2016;13,90
31/10/2016;13,90
01/11/2016;13,90
03/11/2016;13,90
04/11/2016;13,90
07/11/2016;13,90
08/11/2016;13,90
09/11/2016;13,90
10/11/2016;13,90
11/11/2016;13,90
14/11/2016;13,90
16/11/2016;13,90
17/11/2016;13,90
18/11/2016;13,90
21/11/2016;13,90
22/11/2016;13,90
23/11/2016;13,90
24/11/2016;13,90
25/11/2016;13,90
28/11/2016;13,90
29/11/2016;13,90
30/11/2016;13,90
01/12/2016;13,65
02/12/2016;13,65
05/12/2016;13,65
06/12/2016;13,65
07/12/2016;13,65
08/12/2016;13,65
09/12/2016;13,65
12/12/2016;13,65
13/12/2016;13,65
14/12/2016;13,65
15/12/2016;13,65
16/12/2016;13,65
19/12/2016;13,65
20/12/2016;13,65
21/12/2016;13,65
22/12/2016;13,65
23/12/2016;13,65
26/12/2016;13,65
27/12/2016;13,65
28/12/2016;13,65
29/12/2016;13,65
30/12/2016;13,65
02/01/2017;13,65
03/01/2017;13,65
04/01/2017;13,65
05/01/2017;13,65
06/01/2017;13,65
09/01/2017;13,65
10/01/2017;13,65
11/01/2017;13,65
12/01/2017;12,90
13/01/2017;12,90
16/01/2017;12,90
17/01/2017;12,90
18/01/2017;12,90
19/01/2017;12,90
20/01/2017;12,90
23/01/2017;12,90
24/01/2017;12,90
25/01/2017;12,90
26/01/2017;12,90
27/01/2017;12,90
30/01/2017;12,90
31/01/2017;12,90
01/02/2017;12,90
02/02/2017;12,90
03/02/2017;12,90
06/02/2017;12,90
07/02/2017;12,90
08/02/2017;12,90
09/02/2017;12,90
10/02/2017;12,90
13/02/2017;12,90
14/02/2017;12,90
15/02/2017;12,90
16/02/2017;12,90
17/02/2017;12,90
20/02/2017;12,90
21/02/2017;12,90
22/02/2017;12,90
23/02/2017;12,15
24/02/2017;12,15
01/03/2017;12,15
02/03/2017;12,15
03/03/2017;12,15
06/03/2017;12,15
07/03/2017;12,15
08/03/2017;12,15
09/03/2017;12,15
10/03/2017;12,15
13/03/2017;12,15
14/03/2017;12,15
15/03/2017;12,15
16/03/2017;12,15
17/03/2017;12,15
20/03/2017;12,15
21/03/2017;12,15
22/03/2017;12,15
23/03/2017;12,15
24/03/2017;12,15
27/03/2017;12,15
28/03/2017;12,15
29/03/2017;12,15
30/03/2017;12,15
31/03/2017;12,15
03/04/2017;12,15
04/04/2017;12,15
05/04/2017;12,15
06/04/2017;12,15
07/04/2017;12,15
10/04/2017;12,15
11/04/2017;12,15
12/04/2017;12,15
13/04/2017;11,15
17/04/2017;11,15
18/04/2017;11,15
19/04/2017;11,15
20/04/2017;11,15
24/04/2017;11,15
25/04/2017;11,15
26/04/2017;11,15
27/04/2017;11,15
28/04/2017;11,15
02/05/2017;11,15
03/05/2017;11,15
04/05/2017;11,15
05/05/2017;11,15
08/05/2017;11,15
09/05/2017;11,15
10/05/2017;11,15
11/05/2017;11,15
12/05/2017;11,15
15/05/2017;11,15
16/05/2017;11,15
17/05/2017;11,15
18/05/2017;11,15
19/05/2017;11,15
22/05/2017;11,15
23/05/2017;11,15
24/05/2017;11,15
25/05/2017;11,15
26/05/2017;11,15
29/05/2017;11,15
30/05/2017;11,15
31/05/2017;11,15
01/06/2017;10,15
02/06/2017;10,15
05/06/2017;10,15
06/06/2017;10,15
07/06/2017;10,15
08/06/2017;10,15
09/06/2017;10,15
12/06/2017;10,15
13/06/2017;10,15
14/06/2017;10,15
16/06/2017;10,15
19/06/2017;10,15
20/06/2017;10,15
21/06/2017;10,15
22/06/2017;10,15
23/06/2017;10,15
26/06/2017;10,15
27/06/2017;10,15
28/06/2017;10,15
29/06/2017;10,15
30/06/2017;10,15
03/07/2017;10,15
04/07/2017;10,15
05/07/2017;10,15
06/07/2017;10,15
07/07/2017;10,15
10/07/2017;10,15
11/07/2017;10,15
12/07/2017;10,15
13/07/2017;10,15
14/07/2017;10,15
17/07/2017;10,15
18/07/2017;10,15
19/07/2017;10,15
20/07/2017;10,15
21/07/2017;10,15
24/07/2017;10,15
25/07/2017;10,15
26/07/2017;10,15
27/07/2017;9,15
28/07/2017;9,15
31/07/2017;9,15
01/08/2017;9,15
02/08/2017;9,15
03/08/2017;9,15
04/08/2017;9,15
07/08/2017;9,15
08/08/2017;9,15
09/08/2017;9,15
10/08/2017;9,15
11/08/2017;9,15
14/08/2017;9,15
15/08/2017;9,15
16/08/2017;9,15
17/08/2017;9,15
18/08/2017;9,15
21/08/2017;9,15
22/08/2017;9,15
23/08/2017;9,15
24/08/2017;9,15
25/08/2017;9,15
28/08/2017;9,15
29/08/2017;9,15
30/08/2017;9,15
31/08/2017;9,15
01/09/2017;9,15
04/09/2017;9,15
05/09/2017;9,15
06/09/2017;9,15
08/09/2017;8,15
11/09/2017;8,15
12/09/2017;8,15
13/09/2017;8,15
14/09/2017;8,15
15/09/2017;8,15
18/09/2017;8,15
19/09/2017;8,15
20/09/2017;8,15
21/09/2017;8,15
22/09/2017;8,15
25/09/2017;8,15
26/09/2017;8,15
27/09/2017;8,15
28/09/2017;8,15
29/09/2017;8,15
02/10/2017;8,15
03/10/2017;8,15
04/10/2017;8,15
05/10/2017;8,15
06/10/2017;8,15
09/10/2017;8,15
10/10/2017;8,15
11/10/2017;8,15
13/10/2017;8,15
16/10/2017;8,15
17/10/2017;8,15
18/10/2017;8,15
19/10/2017;8,15
20/10/2017;8,15
23/10/2017;8,15
24/10/2017;8,15
25/10/2017;8,15
26/10/2017;7,40
27/10/2017;7,40
30/10/2017;7,40
31/10/2017;7,40
01/11/2017;7,40
03/11/2017;7,40
06/11/2017;7,40
07/11/2017;7,40
08/11/2017;7,40
09/11/2017;7,40
10/11/2017;7,40
13/11/2017;7,40
14/11/2017;7,40
16/11/2017;7,40
17/11/2017;7,40
20/11/2017;7,40
21/11/2017;7,40
22/11/2017;7,40
23/11/2017;7,40
24/11/2017;7,40
27/11/2017;7,40
28/11/2017;7,40
29/11/2017;7,40
30/11/2017;7,40
01/12/2017;7,40
04/12/2017;7,40
05/12/2017;7,40
06/12/2017;7,40
07/12/2017;6,90
08/12/2017;6,90
11/12/2017;6,90
12/12/2017;6,90
13/12/2017;6,90
14/12/2017;6,90
15/12/2017;6,90
18/12/2017;6,90
19/12/2017;6,90
20/12/2017;6,90
21/12/2017;6,90
22/12/2017;6,90
26/12/2017;6,90
27/12/2017;6,90
28/12/2017;6,90
29/12/2017;6,90
02/01/2018;6,90
03/01/2018;6,90
04/01/2018;6,90
05/01/2018;6,90
08/01/2018;6,90
09/01/2018;6,90
10/01/2018;6,90
11/01/2018;6,90
12/01/2018;6,90
15/01/2018;6,90
16/01/2018;6,90
17/01/2018;6,90
18/01/2018;6,90
19/01/2018;6,90
22/01/2018;6,90
23/01/2018;6,90
24/01/2018;6,90
25/01/2018;6,90
26/01/2018;6,90
29/01/2018;6,90
30/01/2018;6,90
31/01/2018;6,90
01/02/2018;6,90
02/02/2018;6,90
05/02/2018;6,90
06/02/2018;6,90
07/02/2018;6,90
08/02/2018;6,65
09/02/2018;6,65
14/02/2018;6,65
15/02/2018;6,65
16/02/2018;6,65
19/02/2018;6,65
20/02/2018;6,65
21/02/2018;6,65
22/02/2018;6,65
23/02/2018;6,65
26/02/2018;6,65
27/02/2018;6,65
28/02/2018;6,65
01/03/2018;6,65
02/03/2018;6,65
05/03/2018;6,65
06/03/2018;6,65
07/03/2018;6,65
08/03/2018;6,65
09/03/2018;6,65
12/03/2018;6,65
13/03/2018;6,65
14/03/2018;6,65
15/03/2018;6,65
16/03/2018;6,65
19/03/2018;6,65
20/03/2018;6,65
21/03/2018;6,65
22/03/2018;6,40
23/03/2018;6,40
26/03/2018;6,40
27/03/2018;6,40
28/03/2018;6,40
29/03/2018;6,40
02/04/2018;6,40
03/04/2018;6,40
04/04/2018;6,40
05/04/2018;6,40
06/04/2018;6,40
09/04/2018;6,40
10/04/2018;6,40
11/04/2018;6,40
12/04/2018;6,40
13/04/2018;6,40
16/04/2018;6,40
17/04/2018;6,40
18/04/2018;6,40
19/04/2018;6,40
20/04/2018;6,40
23/04/2018;6,40
24/04/2018;6,40
25/04/2018;6,40
26/04/2018;6,40
27/04/2018;6,40
30/04/2018;6,40
02/05/2018;6,40
03/05/2018;6,40
04/05/2018;6,40
07/05/2018;6,40
08/05/2018;6,40
09/05/2018;6,40
10/05/2018;6,40
11/05/2018;6,40
14/05/2018;6,40
15/05/2018;6,40
16/05/2018;6,40
17/05/2018;6,40
18/05/2018;6,40
21/05/2018;6,40
22/05/2018;6,40
23/05/2018;6,40
24/05/2018;6,40
25/05/2018;6,40
28/05/2018;6,40
29/05/2018;6,40
30/05/2018;6,40
01/06/2018;6,40
04/06/2018;6,40
05/06/2018;6,40
06/06/2018;6,40
07/06/2018;6,40
08/06/2018;6,40
11/06/2018;6,40
12/06/2018;6,40
13/06/2018;6,40
14/06/2018;6,40
15/06/2018;6,40
18/06/2018;6,40
19/06/2018;6,40
20/06/2018;6,40
21/06/2018;6,40
22/06/2018;6,40
25/06/2018;6,40
26/06/2018;6,40
27/06/2018;6,40
28/06/2018;6,40
29/06/2018;6,40
02/07/2018;6,40
03/07/2018;6,40
04/07/2018;6,40
05/07/2018;6,40
06/07/2018;6,40
09/07/2018;6,40
10/07/2018;6,40
11/07/2018;6,40
12/07/2018;6,40
13/07/2018;6,40
16/07/2018;6,40
17/07/2018;6,40
18/07/2018;6,40
19/07/2018;6,40
20/07/2018;6,40
23/07/2018;6,40
24/07/2018;6,40
25/07/2018;6,40
26/07/2018;6,40
27/07/2018;6,40
30/07/2018;6,40
31/07/2018;6,40
01/08/2018;6,40
02/08/2018;6,40
03/08/2018;6,40
06/08/2018;6,40
07/08/2018;6,40
08/08/2018;6,40
09/08/2018;6,40
10/08/2018;6,40
13/08/2018;6,40
14/08/2018;6,40
15/08/2018;6,40
16/08/2018;6,40
17/08/2018;6,40
20/08/2018;6,40
21/08/2018;6,40
22/08/2018;6,40
23/08/2018;6,40
24/08/2018;6,40
27/08/2018;6,40
28/08/2018;6,40
29/08/2018;6,40
30/08/2018;6,40
31/08/2018;6,40
03/09/2018;6,40
04/09/2018;6,40
05/09/2018;6,40
06/09/2018;6,40
10/09/2018;6,40
11/09/2018;6,40
12/09/2018;6,40
13/09/2018;6,40
14/09/2018;6,40
17/09/2018;6,40
18/09/2018;6,40
19/09/2018;6,40
20/09/2018;6,40
21/09/2018;6,40
24/09/2018;6,40
25/09/2018;6,40
26/09/2018;6,40
27/09/2018;6,40
28/09/2018;6,40
01/10/2018;6,40
02/10/2018;6,40
03/10/2018;6,40
04/10/2018;6,40
05/10/2018;6,40
08/10/2018;6,40
09/10/2018;6,40
10/10/2018;6,40
11/10/2018;6,40
15/10/2018;6,40
16/10/2018;6,40
17/10/2018;6,40
18/10/2018;6,40
19/10/2018;6,40
22/10/2018;6,40
23/10/2018;6,40
24/10/2018;6,40
25/10/2018;6,40
26/10/2018;6,40
29/10/2018;6,40
30/10/2018;6,40
31/10/2018;6,40
01/11/2018;6,40
05/11/2018;6,40
06/11/2018;6,40
07/11/2018;6,40
08/11/2018;6,40
09/11/2018;6,40
12/11/2018;6,40
13/11/2018;6,40
14/11/2018;6,40
16/11/2018;6,40
19/11/2018;6,40
20/11/2018;6,40
21/11/2018;6,40
22/11/2018;6,40
23/11/2018;6,40
26/11/2018;6,40
27/11/2018;6,40
28/11/2018;6,40
29/11/2018;6,40
30/11/2018;6,40
03/12/2018;6,40
04/12/2018;6,40
05/12/2018;6,40
06/12/2018;6,40
07/12/2018;6,40
10/12/2018;6,40
11/12/2018;6,40
12/12/2018;6,40
13/12/2018;6,40
14/12/2018;6,40
17/12/2018;6,40
18/12/2018;6,40
19/12/2018;6,40
20/12/2018;6,40
21/12/2018;6,40
24/12/2018;6,40
26/12/2018;6,40
27/12/2018;6,40
28/12/2018;6,40
31/12/2018;6,40
02/01/2019;6,40
03/01/2019;6,40
04/01/2019;6,40
07/01/2019;6,40
08/01/2019;6,40
09/01/2019;6,40
10/01/2019;6,40
11/01/2019;6,40
14/01/2019;6,40
15/01/2019;6,40
16/01/2019;6,40
17/01/2019;6,40
18/01/2019;6,40
21/01/2019;6,40
22/01/2019;6,40
23/01/2019;6,40
24/01/2019;6,40
25/01/2019;6,40
28/01/2019;6,40
29/01/2019;6,40
30/01/2019;6,40
31/01/2019;6,40
01/02/2019;6,40
04/02/2019;6,40
05/02/2019;6,40
06/02/2019;6,40
07/02/2019;6,40
08/02/2019;6,40
11/02/2019;6,40
12/02/2019;6,40
13/02/2019;6,40
14/02/2019;6,40
15/02/2019;6,40
18/02/2019;6,40
19/02/2019;6,40
20/02/2019;6,40
21/02/2019;6,40
22/02/2019;6,40
25/02/2019;6,40
26/02/2019;6,40
27/02/2019;6,40
28/02/2019;6,40
01/03/2019;6,40
06/03/2019;6,40
07/03/2019;6,40
08/03/2019;6,40
11/03/2019;6,40
12/03/2019;6,40
13/03/2019;6,40
14/03/2019;6,40
15/03/2019;6,40
18/03/2019;6,40
19/03/2019;6,40
20/03/2019;6,40
21/03/2019;6,40
22/03/2019;6,40
25/03/2019;6,40
26/03/2019;6,40
27/03/2019;6,40
28/03/2019;6,40
29/03/2019;6,40
01/04/2019;6,40
02/04/2019;6,40
03/04/2019;6,40
04/04/2019;6,40
05/04/2019;6,40
08/04/2019;6,40
09/04/2019;6,40
10/04/2019;6,40
11/04/2019;6,40
12/04/2019;6,40
15/04/2019;6,40
16/04/2019;6,40
17/04/2019;6,40
18/04/2019;6,40
22/04/2019;6,40
23/04/2019;6,40
24/04/2019;6,40
25/04/2019;6,40
26/04/2019;6,40
29/04/2019;6,40
30/04/2019;6,40
02/05/2019;6,40
03/05/2019;6,40
06/05/2019;6,40
07/05/2019;6,40
08/05/2019;6,40
09/05/2019;6,40
10/05/2019;6,40
13/05/2019;6,40
14/05/2019;6,40
15/05/2019;6,40
16/05/2019;6,40
17/05/2019;6,40
20/05/2019;6,40
21/05/2019;6,40
22/05/2019;6,40
23/05/2019;6,40
24/05/2019;6,40
27/05/2019;6,40
28/05/2019;6,40
29/05/2019;6,40
30/05/2019;6,40
31/05/2019;6,40
03/06/2019;6,40
04/06/2019;6,40
05/06/2019;6,40
06/06/2019;6,40
07/06/2019;6,40
10/06/2019;6,40
11/06/2019;6,40
12/06/2019;6,40
13/06/2019;6,40
14/06/2019;6,40
17/06/2019;6,40
18/06/2019;6,40
19/06/2019;6,40
21/06/2019;6,40
24/06/2019;6,40
25/06/2019;6,40
26/06/2019;6,40
27/06/2019;6,40
28/06/2019;6,40
01/07/2019;6,40
02/07/2019;6,40
03/07/2019;6,40
04/07/2019;6,40
05/07/2019;6,40
08/07/2019;6,40
09/07/2019;6,40
10/07/2019;6,40
11/07/2019;6,40
12/07/2019;6,40
15/07/2019;6,40
16/07/2019;6,40
17/07/2019;6,40
18/07/2019;6,40
19/07/2019;6,40
22/07/2019;6,40
23/07/2019;6,40
24/07/2019;6,40
25/07/2019;6,40
26/07/2019;6,40
29/07/2019;6,40
30/07/2019;6,40
31/07/2019;6,40
01/08/2019;5,90
02/08/2019;5,90
05/08/2019;5,90
06/08/2019;5,90
07/08/2019;5,90
08/08/2019;5,90
09/08/2019;5,90
12/08/2019;5,90
13/08/2019;5,90
14/08/2019;5,90
15/08/2019;5,90
16/08/2019;5,90
19/08/2019;5,90
20/08/2019;5,90
21/08/2019;5,90
22/08/2019;5,90
23/08/2019;5,90
26/08/2019;5,90
27/08/2019;5,90
28/08/2019;5,90
29/08/2019;5,90
30/08/2019;5,90
02/09/2019;5,90
03/09/2019;5,90
04/09/2019;5,90
05/09/2019;5,90
06/09/2019;5,90
09/09/2019;5,90
10/09/2019;5,90
11/09/2019;5,90
12/09/2019;5,90
13/09/2019;5,90
16/09/2019;5,90
17/09/2019;5,90
18/09/2019;5,90
19/09/2019;5,40
20/09/2019;5,40
23/09/2019;5,40
24/09/2019;5,40
25/09/2019;5,40
26/09/2019;5,40
27/09/2019;5,40
30/09/2019;5,40
01/10/2019;5,40
02/10/2019;5,40
03/10/2019;5,40
04/10/2019;5,40
07/10/2019;5,40
08/10/2019;5,40
09/10/2019;5,40
10/10/2019;5,40
11/10/2019;5,40
14/10/2019;5,40
15/10/2019;5,40
16/10/2019;5,40
17/10/2019;5,40
18/10/2019;5,40
21/10/2019;5,40
22/10/2019;5,40
23/10/2019;5,40
24/10/2019;5,40
25/10/2019;5,40
28/10/2019;5,40
29/10/2019;5,40
30/10/2019;5,40
31/10/2019;4,90
01/11/2019;4,90
04/11/2019;4,90
05/11/2019;4,90
06/11/2019;4,90
07/11/2019;4,90
08/11/2019;4,90
11/11/2019;4,90
12/11/2019;4,90
13/11/2019;4,90
14/11/2019;4,90
18/11/2019;4,90
19/11/2019;4,90
20/11/2019;4,90
21/11/2019;4,90
22/11/2019;4,90
25/11/2019;4,90
26/11/2019;4,90
27/11/2019;4,90
28/11/2019;4,90
29/11/2019;4,90
02/12/2019;4,90
03/12/2019;4,90
04/12/2019;4,90
05/12/2019;4,90
06/12/2019;4,90
09/12/2019;4,90
10/12/2019;4,90
11/12/2019;4,90
12/12/2019;4,40
13/12/2019;4,40
16/12/2019;4,40
17/12/2019;4,40
18/12/2019;4,40
19/12/2019;4,40
20/12/2019;4,40
23/12/2019;4,40
24/12/2019;4,40
26/12/2019;4,40
27/12/2019;4,40
30/12/2019;4,40
31/12/2019;4,40
02/01/2020;4,40
03/01/2020;4,40
06/01/2020;4,40
07/01/2020;4,40
08/01/2020;4,40
09/01/2020;4,40
10/01/2020;4,40
13/01/2020;4,40
14/01/2020;4,40
15/01/2020;4,40
16/01/2020;4,40
17/01/2020;4,40
20/01/2020;4,40
21/01/2020;4,40
22/01/2020;4,40
23/01/2020;4,40
24/01/2020;4,40
27/01/2020;4,40
28/01/2020;4,40
29/01/2020;4,40
30/01/2020;4,40
31/01/2020;4,40
03/02/2020;4,40
04/02/2020;4,40
05/02/2020;4,40
06/02/2020;4,15
07/02/2020;4,15
10/02/2020;4,15
11/02/2020;4,15
12/02/2020;4,15
13/02/2020;4,15
14/02/2020;4,15
17/02/2020;4,15
18/02/2020;4,15
19/02/2020;4,15
20/02/2020;4,15
21/02/2020;4,15
26/02/2020;4,15
27/02/2020;4,15
28/02/2020;4,15
02/03/2020;4,15
03/03/2020;4,15
04/03/2020;4,15
05/03/2020;4,15
06/03/2020;4,15
09/03/2020;4,15
10/03/2020;4,15
11/03/2020;4,15
12/03/2020;4,15
13/03/2020;4,15
16/03/2020;4,15
17/03/2020;4,15
18/03/2020;4,15
19/03/2020;3,65
20/03/2020;3,65
23/03/2020;3,65
24/03/2020;3,65
25/03/2020;3,65
26/03/2020;3,65
27/03/2020;3,65
30/03/2020;3,65
31/03/2020;3,65
01/04/2020;3,65
02/04/2020;3,65
03/04/2020;3,65
06/04/2020;3,65
07/04/2020;3,65
08/04/2020;3,65
09/04/2020;3,65
13/04/2020;3,65
14/04/2020;3,65
15/04/2020;3,65
16/04/2020;3,65
17/04/2020;3,65
20/04/2020;3,65
22/04/2020;3,65
23/04/2020;3,65
24/04/2020;3,65
27/04/2020;3,65
28/04/2020;3,65
29/04/2020;3,65
30/04/2020;3,65
04/05/2020;3,65
05/05/2020;3,65
06/05/2020;3,65
07/05/2020;2,90
08/05/2020;2,90
11/05/2020;2,90
12/05/2020;2,90
13/05/2020;2,90
14/05/2020;2,90
15/05/2020;2,90
18/05/2020;2,90
19/05/2020;2,90
20/05/2020;2,90
21/05/2020;2,90
22/05/2020;2,90
25/05/2020;2,90
26/05/2020;2,90
27/05/2020;2,90
28/05/2020;2,90
29/05/2020;2,90
01/06/2020;2,90
02/06/2020;2,90
03/06/2020;2,90
04/06/2020;2,90
05/06/2020;2,90
08/06/2020;2,90
09/06/2020;2,90
10/06/2020;2,90
12/06/2020;2,90
15/06/2020;2,90
16/06/2020;2,90
17/06/2020;2,90
18/06/2020;2,15
19/06/2020;2,15
22/06/2020;2,15
23/06/2020;2,15
24/06/2020;2,15
25/06/2020;2,15
26/06/2020;2,15
29/06/2020;2,15
30/06/2020;2,15
01/07/2020;2,15
02/07/2020;2,15
03/07/2020;2,15
06/07/2020;2,15
07/07/2020;2,15
08/07/2020;2,15
09/07/2020;2,15
10/07/2020;2,15
13/07/2020;2,15
14/07/2020;2,15
15/07/2020;2,15
16/07/2020;2,15
17/07/2020;2,15
20/07/2020;2,15
21/07/2020;2,15
22/07/2020;2,15
23/07/2020;2,15
24/07/2020;2,15
27/07/2020;2,15
28/07/2020;2,15
29/07/2020;2,15
30/07/2020;2,15
31/07/2020;2,15
03/08/2020;2,15
04/08/2020;2,15
05/08/2020;2,15
06/08/2020;1,90
07/08/2020;1,90
10/08/2020;1,90
11/08/2020;1,90
12/08/2020;1,90
13/08/2020;1,90
14/08/2020;1,90
17/08/2020;1,90
18/08/2020;1,90
19/08/2020;1,90
20/08/2020;1,90
21/08/2020;1,90
24/08/2020;1,90
25/08/2020;1,90
26/08/2020;1,90
27/08/2020;1,90
28/08/2020;1,90
31/08/2020;1,90
01/09/2020;1,90
02/09/2020;1,90
03/09/2020;1,90
04/09/2020;1,90
08/09/2020;1,90
09/09/2020;1,90
10/09/2020;1,90
11/09/2020;1,90
14/09/2020;1,90
15/09/2020;1,90
16/09/2020;1,90
17/09/2020;1,90
18/09/2020;1,90
21/09/2020;1,90
22/09/2020;1,90
23/09/2020;1,90
24/09/2020;1,90
25/09/2020;1,90
28/09/2020;1,90
29/09/2020;1,90
30/09/2020;1,90
01/10/2020;1,90
02/10/2020;1,90
05/10/2020;1,90
06/10/2020;1,90
07/10/2020;1,90
08/10/2020;1,90
09/10/2020;1,90
13/10/2020;1,90
14/10/2020;1,90
15/10/2020;1,90
16/10/2020;1,90
19/10/2020;1,90
20/10/2020;1,90
21/10/2020;1,90
22/10/2020;1,90
23/10/2020;1,90
26/10/2020;1,90
27/10/2020;1,90
28/10/2020;1,90
29/10/2020;1,90
30/10/2020;1,90
03/11/2020;1,90
04/11/2020;1,90
05/11/2020;1,90
06/11/2020;1,90
09/11/2020;1,90
10/11/2020;1,90
11/11/2020;1,90
12/11/2020;1,90
13/11/2020;1,90
16/11/2020;1,90
17/11/2020;1,90
18/11/2020;1,90
19/11/2020;1,90
20/11/2020;1,90
23/11/2020;1,90
24/11/2020;1,90
25/11/2020;1,90
26/11/2020;1,90
27/11/2020;1,90
30/11/2020;1,90
01/12/2020;1,90
02/12/2020;1,90
03/12/2020;1,90
04/12/2020;1,90
07/12/2020;1,90
08/12/2020;1,90
09/12/2020;1,90
10/12/2020;1,90
11/12/2020;1,90
14/12/2020;1,90
15/12/2020;1,90
16/12/2020;1,90
17/12/2020;1,90
18/12/2020;1,90
21/12/2020;1,90
22/12/2020;1,90
23/12/2020;1,90
24/12/2020;1,90
28/12/2020;1,90
29/12/2020;1,90
30/12/2020;1,90
31/12/2020;1,90
04/01/2021;1,90
05/01/2021;1,90
06/01/2021;1,90
07/01/2021;1,90
08/01/2021;1,90
11/01/2021;1,90
12/01/2021;1,90
13/01/2021;1,90
14/01/2021;1,90
15/01/2021;1,90
18/01/2021;1,90
19/01/2021;1,90
20/01/2021;1,90
21/01/2021;1,90
22/01/2021;1,90
25/01/2021;1,90
26/01/2021;1,90
27/01/2021;1,90
28/01/2021;1,90
29/01/2021;1,90
01/02/2021;1,90
02/02/2021;1,90
03/02/2021;1,90
04/02/2021;1,90
05/02/2021;1,90
08/02/2021;1,90
09/02/2021;1,90
10/02/2021;1,90
11/02/2021;1,90
12/02/2021;1,90
17/02/2021;1,90
18/02/2021;1,90
19/02/2021;1,90
22/02/2021;1,90
23/02/2021;1,90
24/02/2021;1,90
25/02/2021;1,90
26/02/2021;1,90
01/03/2021;1,90
02/03/2021;1,90
03/03/2021;1,90
04/03/2021;1,90
05/03/2021;1,90
08/03/2021;1,90
09/03/2021;1,90
10/03/2021;1,90
11/03/2021;1,90
12/03/2021;1,90
15/03/2021;1,90
16/03/2021;1,90
17/03/2021;1,90
18/03/2021;2,65
19/03/2021;2,65
22/03/2021;2,65
23/03/2021;2,65
24/03/2021;2,65
25/03/2021;2,65
26/03/2021;2,65
29/03/2021;2,65
30/03/2021;2,65
31/03/2021;2,65
01/04/2021;2,65
05/04/2021;2,65
06/04/2021;2,65
07/04/2021;2,65
08/04/2021;2,65
09/04/2021;2,65
12/04/2021;2,65
13/04/2021;2,65
14/04/2021;2,65
15/04/2021;2,65
16/04/2021;2,65
19/04/2021;2,65
20/04/2021;2,65
22/04/2021;2,65
23/04/2021;2,65
26/04/2021;2,65
27/04/2021;2,65
28/04/2021;2,65
29/04/2021;2,65
30/04/2021;2,65
03/05/2021;2,65
04/05/2021;2,65
05/05/2021;2,65
06/05/2021;3,40
07/05/2021;3,40
10/05/2021;3,40
11/05/2021;3,40
12/05/2021;3,40
13/05/2021;3,40
14/05/2021;3,40
17/05/2021;3,40
18/05/2021;3,40
19/05/2021;3,40
20/05/2021;3,40
21/05/2021;3,40
24/05/2021;3,40
25/05/2021;3,40
26/05/2021;3,40
27/05/2021;3,40
28/05/2021;3,40
31/05/2021;3,40
01/06/2021;3,40
02/06/2021;3,40
04/06/2021;3,40
07/06/2021;3,40
08/06/2021;3,40
09/06/2021;3,40
10/06/2021;3,40
11/06/2021;3,40
14/06/2021;3,40
15/06/2021;3,40
16/06/2021;3,40
17/06/2021;4,15
18/06/2021;4,15
21/06/2021;4,15
22/06/2021;4,15
23/06/2021;4,15
24/06/2021;4,15
25/06/2021;4,15
28/06/2021;4,15
29/06/2021;4,15
30/06/2021;4,15
01/07/2021;4,15
02/07/2021;4,15
05/07/2021;4,15
06/07/2021;4,15
07/07/2021;4,15
08/07/2021;4,15
09/07/2021;4,15
12/07/2021;4,15
13/07/2021;4,15
14/07/2021;4,15
15/07/2021;4,15
16/07/2021;4,15
19/07/2021;4,15
20/07/2021;4,15
21/07/2021;4,15
22/07/2021;4,15
23/07/2021;4,15
26/07/2021;4,15
27/07/2021;4,15
28/07/2021;4,15
29/07/2021;4,15
30/07/2021;4,15
02/08/2021;4,15
03/08/2021;4,15
04/08/2021;4,15
05/08/2021;5,15
06/08/2021;5,15
09/08/2021;5,15
10/08/2021;5,15
11/08/2021;5,15
12/08/2021;5,15
13/08/2021;5,15
16/08/2021;5,15
17/08/2021;5,15
18/08/2021;5,15
19/08/2021;5,15
20/08/2021;5,15
23/08/2021;5,15
24/08/2021;5,15
25/08/2021;5,15
26/08/2021;5,15
27/08/2021;5,15
30/08/2021;5,15
31/08/2021;5,15
01/09/2021;5,15
02/09/2021;5,15
03/09/2021;5,15
06/09/2021;5,15
08/09/2021;5,15
09/09/2021;5,15
10/09/2021;5,15
13/09/2021;5,15
14/09/2021;5,15
15/09/2021;5,15
16/09/2021;5,15
17/09/2021;5,15
20/09/2021;5,15
21/09/2021;5,15
22/09/2021;5,15
23/09/2021;6,15
24/09/2021;6,15
27/09/2021;6,15
28/09/2021;6,15
29/09/2021;6,15
30/09/2021;6,15
01/10/2021;6,15
04/10/2021;6,15
05/10/2021;6,15
06/10/2021;6,15
07/10/2021;6,15
08/10/2021;6,15
11/10/2021;6,15
13/10/2021;6,15
14/10/2021;6,15
15/10/2021;6,15
18/10/2021;6,15
19/10/2021;6,15
20/10/2021;6,15
21/10/2021;6,15
22/10/2021;6,15
25/10/2021;6,15
26/10/2021;6,15
27/10/2021;6,15
28/10/2021;7,65
29/10/2021;7,65
01/11/2021;7,65
03/11/2021;7,65
04/11/2021;7,65
05/11/2021;7,65
08/11/2021;7,65
09/11/2021;7,65
10/11/2021;7,65
11/11/2021;7,65
12/11/2021;7,65
16/11/2021;7,65
17/11/2021;7,65
18/11/2021;7,65
19/11/2021;7,65
22/11/2021;7,65
23/11/2021;7,65
24/11/2021;7,65
25/11/2021;7,65
26/11/2021;7,65
29/11/2021;7,65
30/11/2021;7,65
01/12/2021;7,65
02/12/2021;7,65
03/12/2021;7,65
06/12/2021;7,65
07/12/2021;7,65
08/12/2021;7,65
09/12/2021;9,15
10/12/2021;9,15
13/12/2021;9,15
14/12/2021;9,15
15/12/2021;9,15
16/12/2021;9,15
17/12/2021;9,15
20/12/2021;9,15
21/12/2021;9,15
22/12/2021;9,15
23/12/2021;9,15
24/12/2021;9,15
27/12/2021;9,15
28/12/2021;9,15
29/12/2021;9,15
30/12/2021;9,15
31/12/2021;9,15
03/01/2022;9,15
04/01/2022;9,15
05/01/2022;9,15
06/01/2022;9,15
07/01/2022;9,15
10/01/2022;9,15
11/01/2022;9,15
12/01/2022;9,15
13/01/2022;9,15
14/01/2022;9,15
17/01/2022;9,15
18/01/2022;9,15
19/01/2022;9,15
20/01/2022;9,15
21/01/2022;9,15
24/01/2022;9,15
25/01/2022;9,15
26/01/2022;9,15
27/01/2022;9,15
28/01/2022;9,15
31/01/2022;9,15
01/02/2022;9,15
02/02/2022;9,15
03/02/2022;10,65
04/02/2022;10,65
07/02/2022;10,65
08/02/2022;10,65
09/02/2022;10,65
10/02/2022;10,65
11/02/2022;10,65
14/02/2022;10,65
15/02/2022;10,65
16/02/2022;10,65
17/02/2022;10,65
18/02/2022;10,65
21/02/2022;10,65
22/02/2022;10,65
23/02/2022;10,65
24/02/2022;10,65
25/02/2022;10,65
02/03/2022;10,65
03/03/2022;10,65
04/03/2022;10,65
07/03/2022;10,65
08/03/2022;10,65
09/03/2022;10,65
10/03/2022;10,65
11/03/2022;10,65
14/03/2022;10,65
15/03/2022;10,65
16/03/2022;10,65
17/03/2022;11,65
18/03/2022;11,65
21/03/2022;11,65
22/03/2022;11,65
23/03/2022;11,65
24/03/2022;11,65
25/03/2022;11,65
28/03/2022;11,65
29/03/2022;11,65
30/03/2022;11,65
31/03/2022;11,65
01/04/2022;11,65
04/04/2022;11,65
05/04/2022;11,65
06/04/2022;11,65
07/04/2022;11,65
08/04/2022;11,65
11/04/2022;11,65
12/04/2022;11,65
13/04/2022;11,65
14/04/2022;11,65
18/04/2022;11,65
19/04/2022;11,65
20/04/2022;11,65
22/04/2022;11,65
25/04/2022;11,65
26/04/2022;11,65
27/04/2022;11,65
28/04/2022;11,65
29/04/2022;11,65
02/05/2022;11,65
03/05/2022;11,65
04/05/2022;11,65
05/05/2022;12,65
06/05/2022;12,65
09/05/2022;12,65
10/05/2022;12,65
11/05/2022;12,65
12/05/2022;12,65
13/05/2022;12,65
16/05/2022;12,65
17/05/2022;12,65
18/05/2022;12,65
19/05/2022;12,65
20/05/2022;12,65
23/05/2022;12,65
24/05/2022;12,65
25/05/2022;12,65
26/05/2022;12,65
27/05/2022;12,65
30/05/2022;12,65
31/05/2022;12,65
01/06/2022;12,65
02/06/2022;12,65
03/06/2022;12,65
06/06/2022;12,65
07/06/2022;12,65
08/06/2022;12,65
09/06/2022;12,65
10/06/2022;12,65
13/06/2022;12,65
14/06/2022;12,65
15/06/2022;12,65
17/06/2022;13,15
20/06/2022;13,15
21/06/2022;13,15
22/06/2022;13,15
23/06/2022;13,15
24/06/2022;13,15
27/06/2022;13,15
28/06/2022;13,15
29/06/2022;13,15
30/06/2022;13,15
01/07/2022;13,15
04/07/2022;13,15
05/07/2022;13,15
06/07/2022;13,15
07/07/2022;13,15
08/07/2022;13,15
11/07/2022;13,15
12/07/2022;13,15
13/07/2022;13,15
14/07/2022;13,15
15/07/2022;13,15
18/07/2022;13,15
19/07/2022;13,15
20/07/2022;13,15
21/07/2022;13,15
22/07/2022;13,15
25/07/2022;13,15
26/07/2022;13,15
27/07/2022;13,15
28/07/2022;13,15
29/07/2022;13,15
01/08/2022;13,15
02/08/2022;13,15
03/08/2022;13,15
04/08/2022;13,65
05/08/2022;13,65
08/08/2022;13,65
09/08/2022;13,65
10/08/2022;13,65
11/08/2022;13,65
12/08/2022;13,65
15/08/2022;13,65
16/08/2022;13,65
17/08/2022;13,65
18/08/2022;13,65
19/08/2022;13,65
22/08/2022;13,65
23/08/2022;13,65
24/08/2022;13,65
25/08/2022;13,65
26/08/2022;13,65
29/08/2022;13,65
30/08/2022;13,65
31/08/2022;13,65
01/09/2022;13,65
02/09/2022;13,65
05/09/2022;13,65
06/09/2022;13,65
08/09/2022;13,65
09/09/2022;13,65
12/09/2022;13,65
13/09/2022;13,65
14/09/2022;13,65
15/09/2022;13,65
16/09/2022;13,65
19/09/2022;13,65
20/09/2022;13,65
21/09/2022;13,65
22/09/2022;13,65
23/09/2022;13,65
26/09/2022;13,65
27/09/2022;13,65
28/09/2022;13,65
29/09/2022;13,65
30/09/2022;13,65
03/10/2022;13,65
04/10/2022;13,65
05/10/2022;13,65
06/10/2022;13,65
07/10/2022;13,65
10/10/2022;13,65
11/10/2022;13,65
13/10/2022;13,65
14/10/2022;13,65
17/10/2022;13,65
18/10/2022;13,65
19/10/2022;13,65
20/10/2022;13,65
21/10/2022;13,65
24/10/2022;13,65
25/10/2022;13,65
26/10/2022;13,65
27/10/2022;13,65
28/10/2022;13,65
31/10/2022;13,65
01/11/2022;13,65
03/11/2022;13,65
04/11/2022;13,65
07/11/2022;13,65
08/11/2022;13,65
09/11/2022;13,65
10/11/2022;13,65
11/11/2022;13,65
14/11/2022;13,65
16/11/2022;13,65
17/11/2022;13,65
18/11/2022;13,65
21/11/2022;13,65
22/11/2022;13,65
23/11/2022;13,65
24/11/2022;13,65
25/11/2022;13,65
28/11/2022;13,65
29/11/2022;13,65
30/11/2022;13,65
01/12/2022;13,65
02/12/2022;13,65
05/12/2022;13,65
06/12/2022;13,65
07/12/2022;13,65
08/12/2022;13,65
09/12/2022;13,65
12/12/2022;13,65
13/12/2022;13,65
14/12/2022;13,65
15/12/2022;13,65
16/12/2022;13,65
19/12/2022;13,65
20/12/2022;13,65
21/12/2022;13,65
22/12/2022;13,65
23/12/2022;13,65
26/12/2022;13,65
27/12/2022;13,65
28/12/2022;13,65
29/12/2022;13,65
30/12/2022;13,65
02/01/2023;13,65
03/01/2023;13,65
04/01/2023;13,65
05/01/2023;13,65
06/01/2023;13,65
09/01/2023;13,65
10/01/2023;13,65
11/01/2023;13,65
12/01/2023;13,65
13/01/2023;13,65
16/01/2023;13,65
17/01/2023;13,65
18/01/2023;13,65
19/01/2023;13,65
20/01/2023;13,65
23/01/2023;13,65
24/01/2023;13,65
25/01/2023;13,65
26/01/2023;13,65
27/01/2023;13,65
30/01/2023;13,65
31/01/2023;13,65
01/02/2023;13,65
02/02/2023;13,65
03/02/2023;13,65
06/02/2023;13,65
07/02/2023;13,65
08/02/2023;13,65
09/02/2023;13,65
10/02/2023;13,65
13/02/2023;13,65
14/02/2023;13,65
15/02/2023;13,65
16/02/2023;13,65
17/02/2023;13,65
22/02/2023;13,65
23/02/2023;13,65
24/02/2023;13,65
27/02/2023;13,65
28/02/2023;13,65
01/03/2023;13,65
02/03/2023;13,65
03/03/2023;13,65
06/03/2023;13,65
07/03/2023;13,65
08/03/2023;13,65
09/03/2023;13,65
10/03/2023;13,65
13/03/2023;13,65
14/03/2023;13,65
15/03/2023;13,65
16/03/2023;13,65
17/03/2023;13,65
20/03/2023;13,65
21/03/2023;13,65
22/03/2023;13,65
23/03/2023;13,65
24/03/2023;13,65
27/03/2023;13,65
28/03/2023;13,65
29/03/2023;13,65
30/03/2023;13,65
31/03/2023;13,65
03/04/2023;13,65
04/04/2023;13,65
05/04/2023;13,65
06/04/2023;13,65
10/04/2023;13,65
11/04/2023;13,65
12/04/2023;13,65
13/04/2023;13,65
14/04/2023;13,65
17/04/2023;13,65
18/04/2023;13,65
19/04/2023;13,65
20/04/2023;13,65
24/04/2023;13,65
25/04/2023;13,65
26/04/2023;13,65
27/04/2023;13,65
28/04/2023;13,65
02/05/2023;13,65
03/05/2023;13,65
04/05/2023;13,65
05/05/2023;13,65
08/05/2023;13,65
09/05/2023;13,65
10/05/2023;13,65
11/05/2023;13,65
12/05/2023;13,65
15/05/2023;13,65
Fonte;BCB-Demab
